# Blender 5.0.1
# www.blender.org
mtllib untitled.mtl
o untitled
v 0.000000 -2.083493 -0.751742
v 0.000000 -2.165792 -0.822921
v -0.073684 -2.083493 -0.748122
v -0.080660 -2.165792 -0.818959
v -0.146658 -2.083493 -0.737297
v -0.160544 -2.165792 -0.807109
v -0.218219 -2.083493 -0.719372
v -0.238881 -2.165792 -0.787486
v -0.287679 -2.083493 -0.694519
v -0.314918 -2.165792 -0.760280
v -0.354369 -2.083493 -0.662977
v -0.387922 -2.165792 -0.725752
v -0.417645 -2.083493 -0.625050
v -0.457191 -2.165792 -0.684234
v -0.476900 -2.083493 -0.581104
v -0.522056 -2.165792 -0.636127
v -0.531562 -2.083493 -0.531562
v -0.581893 -2.165792 -0.581893
v -0.581104 -2.083493 -0.476900
v -0.636127 -2.165792 -0.522056
v -0.625050 -2.083493 -0.417645
v -0.684234 -2.165792 -0.457191
v -0.662977 -2.083493 -0.354369
v -0.725752 -2.165792 -0.387922
v -0.694519 -2.083493 -0.287679
v -0.760280 -2.165792 -0.314918
v -0.719372 -2.083493 -0.218219
v -0.787486 -2.165792 -0.238881
v -0.737297 -2.083493 -0.146657
v -0.807109 -2.165792 -0.160544
v -0.748122 -2.083493 -0.073684
v -0.818959 -2.165792 -0.080660
v -0.751742 -2.083493 0.000000
v -0.822921 -2.165792 0.000000
v -0.748122 -2.083493 0.073684
v -0.818959 -2.165792 0.080660
v -0.737297 -2.083493 0.146657
v -0.807109 -2.165792 0.160544
v -0.719372 -2.083493 0.218219
v -0.787486 -2.165792 0.238881
v -0.694519 -2.083493 0.287679
v -0.760280 -2.165792 0.314918
v -0.662977 -2.083493 0.354369
v -0.725752 -2.165792 0.387922
v -0.625050 -2.083493 0.417645
v -0.684234 -2.165792 0.457191
v -0.581104 -2.083493 0.476900
v -0.636127 -2.165792 0.522056
v -0.531562 -2.083493 0.531562
v -0.581893 -2.165792 0.581893
v -0.476900 -2.083493 0.581104
v -0.522056 -2.165792 0.636127
v -0.417645 -2.083493 0.625050
v -0.457191 -2.165792 0.684234
v -0.354369 -2.083493 0.662977
v -0.387922 -2.165792 0.725752
v -0.287679 -2.083493 0.694519
v -0.314918 -2.165792 0.760280
v -0.218219 -2.083493 0.719372
v -0.238881 -2.165792 0.787486
v -0.146658 -2.083493 0.737297
v -0.160544 -2.165792 0.807109
v -0.073684 -2.083493 0.748122
v -0.080660 -2.165792 0.818959
v 0.000000 -2.083493 0.751742
v 0.000000 -2.165792 0.822921
v 0.073684 -2.083493 0.748122
v 0.080660 -2.165792 0.818959
v 0.146658 -2.083493 0.737297
v 0.160544 -2.165792 0.807109
v 0.218219 -2.083493 0.719372
v 0.238881 -2.165792 0.787486
v 0.287679 -2.083493 0.694519
v 0.314918 -2.165792 0.760280
v 0.354369 -2.083493 0.662977
v 0.387922 -2.165792 0.725752
v 0.417645 -2.083493 0.625050
v 0.457191 -2.165792 0.684234
v 0.476900 -2.083493 0.581104
v 0.522056 -2.165792 0.636127
v 0.531562 -2.083493 0.531562
v 0.581893 -2.165792 0.581893
v 0.581104 -2.083493 0.476900
v 0.636127 -2.165792 0.522056
v 0.625050 -2.083493 0.417645
v 0.684234 -2.165792 0.457191
v 0.662977 -2.083493 0.354369
v 0.725752 -2.165792 0.387922
v 0.694519 -2.083493 0.287679
v 0.760280 -2.165792 0.314918
v 0.719372 -2.083493 0.218219
v 0.787486 -2.165792 0.238881
v 0.737297 -2.083493 0.146657
v 0.807109 -2.165792 0.160544
v 0.748122 -2.083493 0.073684
v 0.818959 -2.165792 0.080660
v 0.751742 -2.083493 0.000000
v 0.822921 -2.165792 0.000000
v 0.748122 -2.083493 -0.073684
v 0.818959 -2.165792 -0.080660
v 0.737297 -2.083493 -0.146657
v 0.807109 -2.165792 -0.160544
v 0.719372 -2.083493 -0.218219
v 0.787486 -2.165792 -0.238881
v 0.694519 -2.083493 -0.287679
v 0.760280 -2.165792 -0.314918
v 0.662977 -2.083493 -0.354369
v 0.725752 -2.165792 -0.387922
v 0.625050 -2.083493 -0.417645
v 0.684234 -2.165792 -0.457191
v 0.581104 -2.083493 -0.476900
v 0.636127 -2.165792 -0.522056
v 0.531562 -2.083493 -0.531562
v 0.581893 -2.165792 -0.581893
v 0.476900 -2.083493 -0.581104
v 0.522056 -2.165792 -0.636127
v 0.417645 -2.083493 -0.625050
v 0.457191 -2.165792 -0.684234
v 0.354369 -2.083493 -0.662977
v 0.387922 -2.165792 -0.725752
v 0.287679 -2.083493 -0.694519
v 0.314918 -2.165792 -0.760280
v 0.218219 -2.083493 -0.719372
v 0.238881 -2.165792 -0.787486
v 0.146658 -2.083493 -0.737297
v 0.160544 -2.165792 -0.807109
v 0.073684 -2.083493 -0.748122
v 0.080660 -2.165792 -0.818959
v 0.000000 0.712803 -1.158983
v 0.000000 0.700925 -1.240519
v -0.113600 0.712803 -1.153402
v -0.121592 0.700925 -1.234545
v -0.226106 0.712803 -1.136713
v -0.242013 0.700925 -1.216683
v -0.336435 0.712803 -1.109077
v -0.360104 0.700925 -1.187103
v -0.443524 0.712803 -1.070760
v -0.474726 0.700925 -1.146090
v -0.546341 0.712803 -1.022131
v -0.584777 0.700925 -1.094040
v -0.643896 0.712803 -0.963659
v -0.689195 0.700925 -1.031454
v -0.735251 0.712803 -0.895906
v -0.786977 0.700925 -0.958934
v -0.819525 0.712803 -0.819525
v -0.877179 0.700925 -0.877179
v -0.895906 0.712803 -0.735251
v -0.958934 0.700925 -0.786977
v -0.963659 0.712803 -0.643896
v -1.031454 0.700925 -0.689195
v -1.022131 0.712803 -0.546341
v -1.094040 0.700925 -0.584777
v -1.070760 0.712803 -0.443524
v -1.146090 0.700925 -0.474726
v -1.109077 0.712803 -0.336435
v -1.187103 0.700925 -0.360104
v -1.136713 0.712803 -0.226106
v -1.216683 0.700925 -0.242013
v -1.153402 0.712803 -0.113600
v -1.234545 0.700925 -0.121592
v -1.158983 0.712803 -0.000000
v -1.240519 0.700925 -0.000000
v -1.153402 0.712803 0.113600
v -1.234545 0.700925 0.121592
v -1.136713 0.712803 0.226106
v -1.216683 0.700925 0.242013
v -1.109077 0.712803 0.336435
v -1.187103 0.700925 0.360104
v -1.070760 0.712803 0.443524
v -1.146090 0.700925 0.474726
v -1.022131 0.712803 0.546341
v -1.094040 0.700925 0.584777
v -0.963659 0.712803 0.643896
v -1.031454 0.700925 0.689195
v -0.895906 0.712803 0.735251
v -0.958934 0.700925 0.786977
v -0.819525 0.712803 0.819525
v -0.877179 0.700925 0.877179
v -0.735251 0.712803 0.895906
v -0.786977 0.700925 0.958934
v -0.643896 0.712803 0.963659
v -0.689195 0.700925 1.031454
v -0.546341 0.712803 1.022131
v -0.584777 0.700925 1.094040
v -0.443524 0.712803 1.070760
v -0.474726 0.700925 1.146090
v -0.336435 0.712803 1.109077
v -0.360104 0.700925 1.187103
v -0.226106 0.712803 1.136713
v -0.242013 0.700925 1.216683
v -0.113600 0.712803 1.153402
v -0.121592 0.700925 1.234545
v 0.000000 0.712803 1.158983
v 0.000000 0.700925 1.240519
v 0.113600 0.712803 1.153402
v 0.121592 0.700925 1.234545
v 0.226106 0.712803 1.136713
v 0.242013 0.700925 1.216683
v 0.336435 0.712803 1.109077
v 0.360104 0.700925 1.187103
v 0.443524 0.712803 1.070760
v 0.474726 0.700925 1.146090
v 0.546341 0.712803 1.022131
v 0.584777 0.700925 1.094040
v 0.643896 0.712803 0.963659
v 0.689195 0.700925 1.031454
v 0.735251 0.712803 0.895906
v 0.786977 0.700925 0.958934
v 0.819525 0.712803 0.819525
v 0.877179 0.700925 0.877179
v 0.895906 0.712803 0.735251
v 0.958934 0.700925 0.786977
v 0.963659 0.712803 0.643896
v 1.031454 0.700925 0.689195
v 1.022131 0.712803 0.546341
v 1.094040 0.700925 0.584777
v 1.070760 0.712803 0.443524
v 1.146090 0.700925 0.474726
v 1.109077 0.712803 0.336435
v 1.187103 0.700925 0.360104
v 1.136713 0.712803 0.226106
v 1.216683 0.700925 0.242013
v 1.153402 0.712803 0.113600
v 1.234545 0.700925 0.121592
v 1.158983 0.712803 -0.000000
v 1.240519 0.700925 -0.000000
v 1.153402 0.712803 -0.113600
v 1.234545 0.700925 -0.121592
v 1.136713 0.712803 -0.226106
v 1.216683 0.700925 -0.242013
v 1.109077 0.712803 -0.336435
v 1.187103 0.700925 -0.360104
v 1.070760 0.712803 -0.443524
v 1.146090 0.700925 -0.474726
v 1.022131 0.712803 -0.546341
v 1.094040 0.700925 -0.584777
v 0.963659 0.712803 -0.643896
v 1.031454 0.700925 -0.689195
v 0.895906 0.712803 -0.735251
v 0.958934 0.700925 -0.786977
v 0.819525 0.712803 -0.819525
v 0.877179 0.700925 -0.877179
v 0.735251 0.712803 -0.895906
v 0.786977 0.700925 -0.958934
v 0.643896 0.712803 -0.963659
v 0.689195 0.700925 -1.031454
v 0.546341 0.712803 -1.022131
v 0.584777 0.700925 -1.094040
v 0.443524 0.712803 -1.070760
v 0.474726 0.700925 -1.146090
v 0.336435 0.712803 -1.109077
v 0.360104 0.700925 -1.187103
v 0.226106 0.712803 -1.136713
v 0.242013 0.700925 -1.216683
v 0.113600 0.712803 -1.153402
v 0.121592 0.700925 -1.234545
v 0.000000 -1.771020 -0.845105
v -0.082835 -1.771020 -0.841036
v -0.164872 -1.771020 -0.828867
v -0.245321 -1.771020 -0.808716
v -0.323408 -1.771020 -0.780776
v -0.398380 -1.771020 -0.745316
v -0.469515 -1.771020 -0.702680
v -0.536129 -1.771020 -0.653275
v -0.597580 -1.771020 -0.597580
v -0.653275 -1.771020 -0.536129
v -0.702680 -1.771020 -0.469515
v -0.745316 -1.771020 -0.398380
v -0.780776 -1.771020 -0.323408
v -0.808715 -1.771020 -0.245321
v -0.828867 -1.771020 -0.164872
v -0.841036 -1.771020 -0.082835
v -0.845105 -1.771020 0.000000
v -0.841036 -1.771020 0.082835
v -0.828867 -1.771020 0.164872
v -0.808715 -1.771020 0.245321
v -0.780776 -1.771020 0.323408
v -0.745316 -1.771020 0.398380
v -0.702680 -1.771020 0.469515
v -0.653275 -1.771020 0.536129
v -0.597580 -1.771020 0.597580
v -0.536129 -1.771020 0.653275
v -0.469515 -1.771020 0.702680
v -0.398380 -1.771020 0.745316
v -0.323408 -1.771020 0.780776
v -0.245321 -1.771020 0.808716
v -0.164872 -1.771020 0.828867
v -0.082835 -1.771020 0.841036
v 0.000000 -1.771020 0.845105
v 0.082835 -1.771020 0.841036
v 0.164872 -1.771020 0.828867
v 0.245321 -1.771020 0.808716
v 0.323408 -1.771020 0.780776
v 0.398380 -1.771020 0.745316
v 0.469515 -1.771020 0.702680
v 0.536129 -1.771020 0.653275
v 0.597580 -1.771020 0.597580
v 0.653275 -1.771020 0.536129
v 0.702679 -1.771020 0.469515
v 0.745317 -1.771020 0.398380
v 0.780776 -1.771020 0.323408
v 0.808716 -1.771020 0.245321
v 0.828867 -1.771020 0.164872
v 0.841036 -1.771020 0.082835
v 0.845105 -1.771020 0.000000
v 0.841036 -1.771020 -0.082835
v 0.828867 -1.771020 -0.164872
v 0.808716 -1.771020 -0.245321
v 0.780776 -1.771020 -0.323408
v 0.745317 -1.771020 -0.398380
v 0.702679 -1.771020 -0.469515
v 0.653275 -1.771020 -0.536129
v 0.597580 -1.771020 -0.597580
v 0.536129 -1.771020 -0.653275
v 0.469515 -1.771020 -0.702680
v 0.398380 -1.771020 -0.745316
v 0.323408 -1.771020 -0.780776
v 0.245321 -1.771020 -0.808716
v 0.164872 -1.771020 -0.828867
v 0.082835 -1.771020 -0.841036
v 0.000000 0.039857 -1.101637
v -0.107979 0.039857 -1.096333
v -0.214919 0.039857 -1.080470
v -0.319788 0.039857 -1.054201
v -0.421578 0.039857 -1.017780
v -0.519308 0.039857 -0.971557
v -0.612037 0.039857 -0.915978
v -0.698871 0.039857 -0.851577
v -0.778975 0.039857 -0.778975
v -0.851577 0.039857 -0.698871
v -0.915978 0.039857 -0.612037
v -0.971557 0.039857 -0.519308
v -1.017780 0.039857 -0.421578
v -1.054201 0.039857 -0.319788
v -1.080470 0.039857 -0.214919
v -1.096333 0.039857 -0.107979
v -1.101637 0.039857 -0.000000
v -1.096333 0.039857 0.107979
v -1.080470 0.039857 0.214919
v -1.054201 0.039857 0.319788
v -1.017780 0.039857 0.421578
v -0.971557 0.039857 0.519308
v -0.915978 0.039857 0.612037
v -0.851577 0.039857 0.698871
v -0.778975 0.039857 0.778975
v -0.698871 0.039857 0.851577
v -0.612037 0.039857 0.915978
v -0.519308 0.039857 0.971557
v -0.421578 0.039857 1.017780
v -0.319788 0.039857 1.054201
v -0.214919 0.039857 1.080470
v -0.107979 0.039857 1.096333
v 0.000000 0.039857 1.101637
v 0.107979 0.039857 1.096333
v 0.214919 0.039857 1.080470
v 0.319788 0.039857 1.054201
v 0.421578 0.039857 1.017780
v 0.519308 0.039857 0.971557
v 0.612037 0.039857 0.915978
v 0.698871 0.039857 0.851577
v 0.778975 0.039857 0.778975
v 0.851577 0.039857 0.698871
v 0.915978 0.039857 0.612037
v 0.971557 0.039857 0.519308
v 1.017780 0.039857 0.421578
v 1.054201 0.039857 0.319788
v 1.080470 0.039857 0.214919
v 1.096333 0.039857 0.107979
v 1.101637 0.039857 -0.000000
v 1.096333 0.039857 -0.107979
v 1.080470 0.039857 -0.214919
v 1.054201 0.039857 -0.319788
v 1.017780 0.039857 -0.421578
v 0.971557 0.039857 -0.519308
v 0.915978 0.039857 -0.612037
v 0.851577 0.039857 -0.698871
v 0.778975 0.039857 -0.778975
v 0.698871 0.039857 -0.851577
v 0.612037 0.039857 -0.915978
v 0.519308 0.039857 -0.971557
v 0.421578 0.039857 -1.017780
v 0.319788 0.039857 -1.054201
v 0.214919 0.039857 -1.080470
v 0.107979 0.039857 -1.096333
v 0.000000 -1.783364 -0.930551
v -0.091210 -1.783364 -0.926069
v -0.181541 -1.783364 -0.912670
v -0.270125 -1.783364 -0.890481
v -0.356106 -1.783364 -0.859717
v -0.438659 -1.783364 -0.820672
v -0.516986 -1.783364 -0.773724
v -0.590335 -1.783364 -0.719325
v -0.657999 -1.783364 -0.657999
v -0.719325 -1.783364 -0.590335
v -0.773724 -1.783364 -0.516986
v -0.820672 -1.783364 -0.438659
v -0.859717 -1.783364 -0.356106
v -0.890481 -1.783364 -0.270125
v -0.912670 -1.783364 -0.181541
v -0.926069 -1.783364 -0.091210
v -0.930550 -1.783364 0.000000
v -0.926069 -1.783364 0.091210
v -0.912670 -1.783364 0.181541
v -0.890481 -1.783364 0.270125
v -0.859717 -1.783364 0.356106
v -0.820672 -1.783364 0.438659
v -0.773724 -1.783364 0.516986
v -0.719325 -1.783364 0.590335
v -0.657999 -1.783364 0.657999
v -0.590335 -1.783364 0.719325
v -0.516986 -1.783364 0.773724
v -0.438659 -1.783364 0.820672
v -0.356106 -1.783364 0.859717
v -0.270125 -1.783364 0.890481
v -0.181541 -1.783364 0.912670
v -0.091210 -1.783364 0.926069
v 0.000000 -1.783364 0.930551
v 0.091210 -1.783364 0.926069
v 0.181541 -1.783364 0.912670
v 0.270125 -1.783364 0.890481
v 0.356106 -1.783364 0.859717
v 0.438658 -1.783364 0.820672
v 0.516986 -1.783364 0.773724
v 0.590335 -1.783364 0.719325
v 0.657999 -1.783364 0.657999
v 0.719325 -1.783364 0.590335
v 0.773724 -1.783364 0.516986
v 0.820672 -1.783364 0.438659
v 0.859717 -1.783364 0.356106
v 0.890481 -1.783364 0.270125
v 0.912670 -1.783364 0.181541
v 0.926070 -1.783364 0.091210
v 0.930551 -1.783364 0.000000
v 0.926070 -1.783364 -0.091210
v 0.912670 -1.783364 -0.181541
v 0.890481 -1.783364 -0.270125
v 0.859717 -1.783364 -0.356106
v 0.820672 -1.783364 -0.438659
v 0.773724 -1.783364 -0.516986
v 0.719325 -1.783364 -0.590335
v 0.657999 -1.783364 -0.657999
v 0.590335 -1.783364 -0.719325
v 0.516986 -1.783364 -0.773724
v 0.438658 -1.783364 -0.820672
v 0.356106 -1.783364 -0.859717
v 0.270125 -1.783364 -0.890481
v 0.181541 -1.783364 -0.912670
v 0.091210 -1.783364 -0.926069
v 0.000000 0.027514 -1.187082
v -0.116354 0.027514 -1.181366
v -0.231588 0.027514 -1.164273
v -0.344592 0.027514 -1.135967
v -0.454277 0.027514 -1.096721
v -0.559587 0.027514 -1.046913
v -0.659508 0.027514 -0.987023
v -0.753077 0.027514 -0.917627
v -0.839394 0.027514 -0.839394
v -0.917627 0.027514 -0.753077
v -0.987023 0.027514 -0.659508
v -1.046913 0.027514 -0.559587
v -1.096721 0.027514 -0.454277
v -1.135967 0.027514 -0.344592
v -1.164273 0.027514 -0.231588
v -1.181366 0.027514 -0.116354
v -1.187082 0.027514 -0.000000
v -1.181366 0.027514 0.116354
v -1.164273 0.027514 0.231588
v -1.135967 0.027514 0.344592
v -1.096721 0.027514 0.454277
v -1.046913 0.027514 0.559587
v -0.987023 0.027514 0.659508
v -0.917627 0.027514 0.753077
v -0.839394 0.027514 0.839394
v -0.753077 0.027514 0.917627
v -0.659508 0.027514 0.987023
v -0.559587 0.027514 1.046913
v -0.454277 0.027514 1.096721
v -0.344592 0.027514 1.135967
v -0.231588 0.027514 1.164273
v -0.116354 0.027514 1.181366
v 0.000000 0.027514 1.187082
v 0.116354 0.027514 1.181366
v 0.231588 0.027514 1.164273
v 0.344592 0.027514 1.135967
v 0.454277 0.027514 1.096721
v 0.559587 0.027514 1.046913
v 0.659508 0.027514 0.987023
v 0.753077 0.027514 0.917627
v 0.839394 0.027514 0.839394
v 0.917627 0.027514 0.753077
v 0.987023 0.027514 0.659508
v 1.046913 0.027514 0.559587
v 1.096721 0.027514 0.454277
v 1.135967 0.027514 0.344592
v 1.164273 0.027514 0.231588
v 1.181366 0.027514 0.116354
v 1.187082 0.027514 -0.000000
v 1.181366 0.027514 -0.116354
v 1.164273 0.027514 -0.231588
v 1.135967 0.027514 -0.344592
v 1.096721 0.027514 -0.454277
v 1.046913 0.027514 -0.559587
v 0.987023 0.027514 -0.659508
v 0.917627 0.027514 -0.753077
v 0.839394 0.027514 -0.839394
v 0.753077 0.027514 -0.917627
v 0.659508 0.027514 -0.987023
v 0.559587 0.027514 -1.046913
v 0.454277 0.027514 -1.096721
v 0.344592 0.027514 -1.135967
v 0.231588 0.027514 -1.164273
v 0.116354 0.027514 -1.181366
v 0.000000 0.567042 -1.301115
v -0.127532 0.567042 -1.294850
v -0.253835 0.567042 -1.276115
v -0.377694 0.567042 -1.245090
v -0.497915 0.567042 -1.202074
v -0.613341 0.567042 -1.147481
v -0.722861 0.567042 -1.081838
v -0.825419 0.567042 -1.005776
v -0.920027 0.567042 -0.920027
v -1.005776 0.567042 -0.825419
v -1.081838 0.567042 -0.722861
v -1.147481 0.567042 -0.613341
v -1.202074 0.567042 -0.497915
v -1.245090 0.567042 -0.377694
v -1.276115 0.567042 -0.253835
v -1.294850 0.567042 -0.127532
v -1.301115 0.567042 -0.000000
v -1.294850 0.567042 0.127532
v -1.276115 0.567042 0.253835
v -1.245090 0.567042 0.377694
v -1.202074 0.567042 0.497915
v -1.147481 0.567042 0.613341
v -1.081838 0.567042 0.722861
v -1.005776 0.567042 0.825419
v -0.920027 0.567042 0.920027
v -0.825419 0.567042 1.005776
v -0.722861 0.567042 1.081838
v -0.613341 0.567042 1.147481
v -0.497915 0.567042 1.202074
v -0.377694 0.567042 1.245090
v -0.253835 0.567042 1.276115
v -0.127532 0.567042 1.294850
v 0.000000 0.567042 1.301115
v 0.127532 0.567042 1.294850
v 0.253835 0.567042 1.276115
v 0.377694 0.567042 1.245090
v 0.497915 0.567042 1.202074
v 0.613341 0.567042 1.147481
v 0.722861 0.567042 1.081838
v 0.825419 0.567042 1.005776
v 0.920027 0.567042 0.920027
v 1.005776 0.567042 0.825419
v 1.081838 0.567042 0.722861
v 1.147481 0.567042 0.613341
v 1.202074 0.567042 0.497915
v 1.245090 0.567042 0.377694
v 1.276115 0.567042 0.253835
v 1.294850 0.567042 0.127532
v 1.301115 0.567042 -0.000000
v 1.294850 0.567042 -0.127532
v 1.276115 0.567042 -0.253835
v 1.245090 0.567042 -0.377694
v 1.202074 0.567042 -0.497915
v 1.147481 0.567042 -0.613341
v 1.081838 0.567042 -0.722861
v 1.005776 0.567042 -0.825419
v 0.920027 0.567042 -0.920027
v 0.825419 0.567042 -1.005776
v 0.722861 0.567042 -1.081838
v 0.613341 0.567042 -1.147481
v 0.497915 0.567042 -1.202074
v 0.377694 0.567042 -1.245090
v 0.253835 0.567042 -1.276115
v 0.127532 0.567042 -1.294850
v 0.000000 0.817712 -1.228150
v -0.120380 0.817712 -1.222236
v -0.239600 0.817712 -1.204551
v -0.356513 0.817712 -1.175266
v -0.469993 0.817712 -1.134663
v -0.578946 0.817712 -1.083132
v -0.682324 0.817712 -1.021169
v -0.779130 0.817712 -0.949373
v -0.868433 0.817712 -0.868433
v -0.949373 0.817712 -0.779130
v -1.021169 0.817712 -0.682324
v -1.083132 0.817712 -0.578946
v -1.134663 0.817712 -0.469993
v -1.175266 0.817712 -0.356513
v -1.204551 0.817712 -0.239600
v -1.222236 0.817712 -0.120380
v -1.228150 0.817712 -0.000000
v -1.222236 0.817712 0.120380
v -1.204551 0.817712 0.239600
v -1.175266 0.817712 0.356513
v -1.134663 0.817712 0.469993
v -1.083132 0.817712 0.578946
v -1.021169 0.817712 0.682324
v -0.949373 0.817712 0.779130
v -0.868433 0.817712 0.868433
v -0.779130 0.817712 0.949373
v -0.682324 0.817712 1.021169
v -0.578946 0.817712 1.083132
v -0.469993 0.817712 1.134663
v -0.356513 0.817712 1.175266
v -0.239600 0.817712 1.204551
v -0.120380 0.817712 1.222236
v 0.000000 0.817712 1.228150
v 0.120380 0.817712 1.222236
v 0.239600 0.817712 1.204551
v 0.356513 0.817712 1.175266
v 0.469993 0.817712 1.134663
v 0.578946 0.817712 1.083132
v 0.682324 0.817712 1.021169
v 0.779130 0.817712 0.949373
v 0.868433 0.817712 0.868433
v 0.949373 0.817712 0.779130
v 1.021169 0.817712 0.682324
v 1.083132 0.817712 0.578946
v 1.134663 0.817712 0.469993
v 1.175266 0.817712 0.356513
v 1.204551 0.817712 0.239600
v 1.222236 0.817712 0.120380
v 1.228150 0.817712 -0.000000
v 1.222236 0.817712 -0.120380
v 1.204551 0.817712 -0.239600
v 1.175266 0.817712 -0.356513
v 1.134663 0.817712 -0.469993
v 1.083132 0.817712 -0.578946
v 1.021169 0.817712 -0.682324
v 0.949373 0.817712 -0.779130
v 0.868433 0.817712 -0.868433
v 0.779130 0.817712 -0.949373
v 0.682324 0.817712 -1.021169
v 0.578946 0.817712 -1.083132
v 0.469993 0.817712 -1.134663
v 0.356513 0.817712 -1.175266
v 0.239600 0.817712 -1.204551
v 0.120380 0.817712 -1.222236
v 0.000000 0.817712 -1.063070
v -0.104199 0.817712 -1.057951
v -0.207395 0.817712 -1.042644
v -0.308593 0.817712 -1.017295
v -0.406819 0.817712 -0.982149
v -0.501128 0.817712 -0.937544
v -0.590610 0.817712 -0.883911
v -0.674405 0.817712 -0.821764
v -0.751704 0.817712 -0.751704
v -0.821764 0.817712 -0.674405
v -0.883911 0.817712 -0.590610
v -0.937544 0.817712 -0.501128
v -0.982149 0.817712 -0.406819
v -1.017295 0.817712 -0.308593
v -1.042644 0.817712 -0.207395
v -1.057951 0.817712 -0.104199
v -1.063070 0.817712 -0.000000
v -1.057951 0.817712 0.104199
v -1.042644 0.817712 0.207395
v -1.017295 0.817712 0.308593
v -0.982149 0.817712 0.406819
v -0.937544 0.817712 0.501128
v -0.883911 0.817712 0.590610
v -0.821764 0.817712 0.674405
v -0.751704 0.817712 0.751704
v -0.674405 0.817712 0.821764
v -0.590610 0.817712 0.883911
v -0.501128 0.817712 0.937544
v -0.406819 0.817712 0.982149
v -0.308593 0.817712 1.017295
v -0.207395 0.817712 1.042644
v -0.104199 0.817712 1.057951
v 0.000000 0.817712 1.063070
v 0.104199 0.817712 1.057951
v 0.207395 0.817712 1.042644
v 0.308593 0.817712 1.017295
v 0.406819 0.817712 0.982149
v 0.501128 0.817712 0.937544
v 0.590610 0.817712 0.883911
v 0.674405 0.817712 0.821764
v 0.751704 0.817712 0.751704
v 0.821764 0.817712 0.674405
v 0.883911 0.817712 0.590610
v 0.937544 0.817712 0.501128
v 0.982149 0.817712 0.406819
v 1.017295 0.817712 0.308593
v 1.042644 0.817712 0.207395
v 1.057951 0.817712 0.104199
v 1.063070 0.817712 -0.000000
v 1.057951 0.817712 -0.104199
v 1.042644 0.817712 -0.207395
v 1.017295 0.817712 -0.308593
v 0.982149 0.817712 -0.406819
v 0.937544 0.817712 -0.501128
v 0.883911 0.817712 -0.590610
v 0.821764 0.817712 -0.674405
v 0.751704 0.817712 -0.751704
v 0.674405 0.817712 -0.821764
v 0.590610 0.817712 -0.883911
v 0.501128 0.817712 -0.937544
v 0.406819 0.817712 -0.982149
v 0.308593 0.817712 -1.017295
v 0.207395 0.817712 -1.042644
v 0.104199 0.817712 -1.057951
v 0.000000 1.047637 -0.990482
v -0.097084 1.047637 -0.985713
v -0.193233 1.047637 -0.971450
v -0.287522 1.047637 -0.947832
v -0.379041 1.047637 -0.915086
v -0.466910 1.047637 -0.873527
v -0.550282 1.047637 -0.823556
v -0.628355 1.047637 -0.765653
v -0.700377 1.047637 -0.700377
v -0.765653 1.047637 -0.628355
v -0.823556 1.047637 -0.550282
v -0.873527 1.047637 -0.466910
v -0.915086 1.047637 -0.379041
v -0.947832 1.047637 -0.287522
v -0.971450 1.047637 -0.193234
v -0.985713 1.047637 -0.097084
v -0.990482 1.047637 -0.000000
v -0.985713 1.047637 0.097084
v -0.971450 1.047637 0.193233
v -0.947832 1.047637 0.287522
v -0.915086 1.047637 0.379041
v -0.873527 1.047637 0.466910
v -0.823556 1.047637 0.550282
v -0.765653 1.047637 0.628355
v -0.700377 1.047637 0.700377
v -0.628355 1.047637 0.765653
v -0.550282 1.047637 0.823556
v -0.466910 1.047637 0.873527
v -0.379041 1.047637 0.915086
v -0.287522 1.047637 0.947832
v -0.193233 1.047637 0.971450
v -0.097084 1.047637 0.985713
v 0.000000 1.047637 0.990482
v 0.097084 1.047637 0.985713
v 0.193234 1.047637 0.971450
v 0.287522 1.047637 0.947832
v 0.379041 1.047637 0.915086
v 0.466910 1.047637 0.873527
v 0.550282 1.047637 0.823556
v 0.628355 1.047637 0.765653
v 0.700377 1.047637 0.700377
v 0.765653 1.047637 0.628355
v 0.823556 1.047637 0.550282
v 0.873527 1.047637 0.466910
v 0.915086 1.047637 0.379041
v 0.947832 1.047637 0.287522
v 0.971450 1.047637 0.193233
v 0.985713 1.047637 0.097084
v 0.990482 1.047637 -0.000000
v 0.985713 1.047637 -0.097084
v 0.971450 1.047637 -0.193234
v 0.947832 1.047637 -0.287522
v 0.915086 1.047637 -0.379041
v 0.873527 1.047637 -0.466910
v 0.823556 1.047637 -0.550282
v 0.765653 1.047637 -0.628355
v 0.700377 1.047637 -0.700377
v 0.628355 1.047637 -0.765653
v 0.550282 1.047637 -0.823556
v 0.466910 1.047637 -0.873527
v 0.379041 1.047637 -0.915086
v 0.287522 1.047637 -0.947832
v 0.193234 1.047637 -0.971450
v 0.097084 1.047637 -0.985713
v 0.000000 1.068451 -0.964901
v -0.094577 1.068451 -0.960254
v -0.188243 1.068451 -0.946360
v -0.280096 1.068451 -0.923352
v -0.369251 1.068451 -0.891452
v -0.454851 1.068451 -0.850966
v -0.536070 1.068451 -0.802285
v -0.612126 1.068451 -0.745878
v -0.682288 1.068451 -0.682288
v -0.745878 1.068451 -0.612126
v -0.802285 1.068451 -0.536070
v -0.850966 1.068451 -0.454851
v -0.891452 1.068451 -0.369251
v -0.923352 1.068451 -0.280096
v -0.946360 1.068451 -0.188243
v -0.960254 1.068451 -0.094577
v -0.964901 1.068451 -0.000000
v -0.960254 1.068451 0.094577
v -0.946360 1.068451 0.188243
v -0.923352 1.068451 0.280096
v -0.891452 1.068451 0.369251
v -0.850966 1.068451 0.454851
v -0.802285 1.068451 0.536070
v -0.745878 1.068451 0.612126
v -0.682288 1.068451 0.682288
v -0.612126 1.068451 0.745878
v -0.536070 1.068451 0.802285
v -0.454851 1.068451 0.850966
v -0.369251 1.068451 0.891452
v -0.280096 1.068451 0.923352
v -0.188243 1.068451 0.946360
v -0.094577 1.068451 0.960254
v 0.000000 1.068451 0.964901
v 0.094577 1.068451 0.960254
v 0.188243 1.068451 0.946360
v 0.280096 1.068451 0.923352
v 0.369251 1.068451 0.891452
v 0.454851 1.068451 0.850966
v 0.536070 1.068451 0.802285
v 0.612126 1.068451 0.745878
v 0.682288 1.068451 0.682288
v 0.745878 1.068451 0.612126
v 0.802285 1.068451 0.536070
v 0.850966 1.068451 0.454851
v 0.891452 1.068451 0.369251
v 0.923352 1.068451 0.280096
v 0.946360 1.068451 0.188243
v 0.960254 1.068451 0.094577
v 0.964901 1.068451 -0.000000
v 0.960254 1.068451 -0.094577
v 0.946360 1.068451 -0.188243
v 0.923352 1.068451 -0.280096
v 0.891452 1.068451 -0.369251
v 0.850966 1.068451 -0.454851
v 0.802285 1.068451 -0.536070
v 0.745878 1.068451 -0.612126
v 0.682288 1.068451 -0.682288
v 0.612126 1.068451 -0.745878
v 0.536070 1.068451 -0.802285
v 0.454851 1.068451 -0.850966
v 0.369251 1.068451 -0.891452
v 0.280096 1.068451 -0.923352
v 0.188243 1.068451 -0.946360
v 0.094577 1.068451 -0.960254
v 0.000000 1.068451 -0.797073
v -0.078127 1.068451 -0.793235
v -0.155501 1.068451 -0.781757
v -0.231378 1.068451 -0.762751
v -0.305027 1.068451 -0.736399
v -0.375737 1.068451 -0.702955
v -0.442830 1.068451 -0.662742
v -0.505658 1.068451 -0.616145
v -0.563616 1.068451 -0.563616
v -0.616145 1.068451 -0.505658
v -0.662742 1.068451 -0.442830
v -0.702955 1.068451 -0.375737
v -0.736399 1.068451 -0.305027
v -0.762751 1.068451 -0.231378
v -0.781757 1.068451 -0.155501
v -0.793235 1.068451 -0.078127
v -0.797073 1.068451 -0.000000
v -0.793235 1.068451 0.078127
v -0.781757 1.068451 0.155501
v -0.762751 1.068451 0.231378
v -0.736399 1.068451 0.305027
v -0.702955 1.068451 0.375737
v -0.662742 1.068451 0.442830
v -0.616145 1.068451 0.505658
v -0.563616 1.068451 0.563616
v -0.505658 1.068451 0.616145
v -0.442830 1.068451 0.662742
v -0.375737 1.068451 0.702955
v -0.305027 1.068451 0.736399
v -0.231378 1.068451 0.762751
v -0.155501 1.068451 0.781757
v -0.078127 1.068451 0.793235
v 0.000000 1.068451 0.797073
v 0.078127 1.068451 0.793235
v 0.155501 1.068451 0.781757
v 0.231378 1.068451 0.762751
v 0.305027 1.068451 0.736399
v 0.375737 1.068451 0.702955
v 0.442830 1.068451 0.662742
v 0.505658 1.068451 0.616145
v 0.563616 1.068451 0.563616
v 0.616145 1.068451 0.505658
v 0.662742 1.068451 0.442830
v 0.702955 1.068451 0.375737
v 0.736399 1.068451 0.305027
v 0.762751 1.068451 0.231378
v 0.781757 1.068451 0.155501
v 0.793235 1.068451 0.078127
v 0.797073 1.068451 -0.000000
v 0.793235 1.068451 -0.078127
v 0.781757 1.068451 -0.155501
v 0.762751 1.068451 -0.231378
v 0.736399 1.068451 -0.305027
v 0.702955 1.068451 -0.375737
v 0.662742 1.068451 -0.442830
v 0.616145 1.068451 -0.505658
v 0.563616 1.068451 -0.563616
v 0.505658 1.068451 -0.616145
v 0.442830 1.068451 -0.662742
v 0.375737 1.068451 -0.702955
v 0.305027 1.068451 -0.736399
v 0.231378 1.068451 -0.762751
v 0.155501 1.068451 -0.781757
v 0.078127 1.068451 -0.793235
v 0.000000 1.049568 -0.797073
v -0.078127 1.049568 -0.793235
v -0.155501 1.049568 -0.781757
v -0.231378 1.049568 -0.762751
v -0.305027 1.049568 -0.736399
v -0.375737 1.049568 -0.702955
v -0.442830 1.049568 -0.662742
v -0.505658 1.049568 -0.616145
v -0.563616 1.049568 -0.563616
v -0.616145 1.049568 -0.505658
v -0.662742 1.049568 -0.442830
v -0.702955 1.049568 -0.375737
v -0.736399 1.049568 -0.305027
v -0.762751 1.049568 -0.231378
v -0.781757 1.049568 -0.155501
v -0.793235 1.049568 -0.078127
v -0.797073 1.049568 -0.000000
v -0.793235 1.049568 0.078127
v -0.781757 1.049568 0.155501
v -0.762751 1.049568 0.231378
v -0.736399 1.049568 0.305027
v -0.702955 1.049568 0.375737
v -0.662742 1.049568 0.442830
v -0.616145 1.049568 0.505658
v -0.563616 1.049568 0.563616
v -0.505658 1.049568 0.616145
v -0.442830 1.049568 0.662742
v -0.375737 1.049568 0.702955
v -0.305027 1.049568 0.736399
v -0.231378 1.049568 0.762751
v -0.155501 1.049568 0.781757
v -0.078127 1.049568 0.793235
v 0.000000 1.049568 0.797073
v 0.078127 1.049568 0.793235
v 0.155501 1.049568 0.781757
v 0.231378 1.049568 0.762751
v 0.305027 1.049568 0.736399
v 0.375737 1.049568 0.702955
v 0.442830 1.049568 0.662742
v 0.505658 1.049568 0.616145
v 0.563616 1.049568 0.563616
v 0.616145 1.049568 0.505658
v 0.662742 1.049568 0.442830
v 0.702955 1.049568 0.375737
v 0.736399 1.049568 0.305027
v 0.762751 1.049568 0.231378
v 0.781757 1.049568 0.155501
v 0.793235 1.049568 0.078127
v 0.797073 1.049568 -0.000000
v 0.793235 1.049568 -0.078127
v 0.781757 1.049568 -0.155501
v 0.762751 1.049568 -0.231378
v 0.736399 1.049568 -0.305027
v 0.702955 1.049568 -0.375737
v 0.662742 1.049568 -0.442830
v 0.616145 1.049568 -0.505658
v 0.563616 1.049568 -0.563616
v 0.505658 1.049568 -0.616145
v 0.442830 1.049568 -0.662742
v 0.375737 1.049568 -0.702955
v 0.305027 1.049568 -0.736399
v 0.231378 1.049568 -0.762751
v 0.155501 1.049568 -0.781757
v 0.078127 1.049568 -0.793235
vn -0.0000 0.8123 0.5832
vn -0.0793 0.5874 -0.8054
vn 0.0572 0.8123 0.5804
vn -0.1579 0.5874 -0.7937
vn 0.1138 0.8123 0.5720
vn -0.2349 0.5874 -0.7744
vn 0.1693 0.8123 0.5581
vn -0.3097 0.5874 -0.7477
vn 0.2232 0.8123 0.5388
vn -0.3815 0.5874 -0.7137
vn 0.2749 0.8123 0.5144
vn -0.4496 0.5874 -0.6729
vn 0.3240 0.8123 0.4849
vn -0.5134 0.5874 -0.6256
vn 0.3700 0.8123 0.4509
vn -0.5722 0.5874 -0.5722
vn 0.4124 0.8123 0.4124
vn 0.4508 0.8123 0.3700
vn -0.6256 0.5874 -0.5134
vn -0.6729 0.5874 -0.4496
vn 0.4849 0.8123 0.3240
vn -0.7137 0.5874 -0.3815
vn 0.5144 0.8123 0.2749
vn 0.5388 0.8123 0.2232
vn -0.7477 0.5874 -0.3097
vn 0.5581 0.8123 0.1693
vn -0.7744 0.5874 -0.2349
vn -0.7937 0.5874 -0.1579
vn 0.5720 0.8123 0.1138
vn -0.8054 0.5874 -0.0793
vn 0.5804 0.8123 0.0572
vn 0.5832 0.8123 -0.0000
vn -0.8093 0.5874 -0.0000
vn -0.8054 0.5874 0.0793
vn 0.5804 0.8123 -0.0572
vn 0.5720 0.8123 -0.1138
vn -0.7937 0.5874 0.1579
vn 0.5581 0.8123 -0.1693
vn -0.7744 0.5874 0.2349
vn -0.7477 0.5874 0.3097
vn 0.5388 0.8123 -0.2232
vn -0.7137 0.5874 0.3815
vn 0.5144 0.8123 -0.2749
vn -0.6729 0.5874 0.4496
vn 0.4850 0.8123 -0.3240
vn 0.4508 0.8123 -0.3700
vn -0.6256 0.5874 0.5134
vn -0.5722 0.5874 0.5722
vn 0.4124 0.8123 -0.4124
vn -0.5134 0.5874 0.6256
vn 0.3700 0.8123 -0.4509
vn -0.4496 0.5874 0.6729
vn 0.3240 0.8123 -0.4849
vn -0.3815 0.5874 0.7137
vn 0.2749 0.8123 -0.5144
vn 0.2232 0.8123 -0.5388
vn -0.3097 0.5874 0.7477
vn 0.1693 0.8123 -0.5581
vn -0.2349 0.5874 0.7744
vn 0.1138 0.8123 -0.5720
vn -0.1579 0.5874 0.7937
vn -0.0793 0.5874 0.8054
vn 0.0572 0.8123 -0.5804
vn -0.0000 0.8123 -0.5832
vn -0.0000 0.5874 0.8093
vn 0.0793 0.5874 0.8054
vn -0.0572 0.8123 -0.5804
vn -0.1138 0.8123 -0.5720
vn 0.1579 0.5874 0.7937
vn 0.2349 0.5874 0.7744
vn -0.1693 0.8123 -0.5581
vn 0.3097 0.5874 0.7477
vn -0.2232 0.8123 -0.5388
vn 0.3815 0.5874 0.7137
vn -0.2749 0.8123 -0.5144
vn 0.4496 0.5874 0.6729
vn -0.3240 0.8123 -0.4849
vn 0.5134 0.5874 0.6256
vn -0.3700 0.8123 -0.4509
vn 0.5722 0.5874 0.5722
vn -0.4124 0.8123 -0.4124
vn -0.4508 0.8123 -0.3700
vn 0.6256 0.5874 0.5134
vn 0.6729 0.5874 0.4496
vn -0.4849 0.8123 -0.3240
vn 0.7137 0.5874 0.3815
vn -0.5144 0.8123 -0.2749
vn -0.5388 0.8123 -0.2232
vn 0.7477 0.5874 0.3097
vn -0.5581 0.8123 -0.1693
vn 0.7744 0.5874 0.2349
vn 0.7937 0.5874 0.1579
vn -0.5720 0.8123 -0.1138
vn 0.8054 0.5874 0.0793
vn -0.5804 0.8123 -0.0572
vn -0.5832 0.8123 -0.0000
vn 0.8093 0.5874 -0.0000
vn 0.8054 0.5874 -0.0793
vn -0.5804 0.8123 0.0572
vn -0.5720 0.8123 0.1138
vn 0.7937 0.5874 -0.1579
vn -0.5581 0.8123 0.1693
vn 0.7744 0.5874 -0.2349
vn 0.7477 0.5874 -0.3097
vn -0.5388 0.8123 0.2232
vn 0.7137 0.5874 -0.3815
vn -0.5144 0.8123 0.2749
vn 0.6729 0.5874 -0.4496
vn -0.4850 0.8123 0.3240
vn -0.4508 0.8123 0.3700
vn 0.6256 0.5874 -0.5134
vn 0.5722 0.5874 -0.5722
vn -0.4124 0.8123 0.4124
vn 0.5134 0.5874 -0.6256
vn -0.3700 0.8123 0.4509
vn 0.4496 0.5874 -0.6729
vn -0.3240 0.8123 0.4849
vn 0.3815 0.5874 -0.7137
vn -0.2749 0.8123 0.5144
vn -0.2232 0.8123 0.5388
vn 0.3097 0.5874 -0.7477
vn -0.1693 0.8123 0.5581
vn 0.2349 0.5874 -0.7744
vn -0.1138 0.8123 0.5720
vn 0.1579 0.5874 -0.7937
vn 0.0793 0.5874 -0.8054
vn -0.0572 0.8123 0.5804
vn -0.0000 0.5874 -0.8093
vn -0.9470 0.1441 -0.2873
vn 0.9705 -0.1441 0.1931
vn 0.9142 0.1441 -0.3787
vn -0.9142 -0.1441 0.3787
vn -0.9848 0.1441 -0.0970
vn 0.9848 -0.1441 0.0970
vn 0.8727 0.1441 -0.4665
vn -0.8727 -0.1441 0.4665
vn -0.9896 0.1441 -0.0000
vn 0.9896 -0.1441 -0.0000
vn 0.8228 0.1441 -0.5498
vn -0.8228 -0.1441 0.5498
vn -0.9848 0.1441 0.0970
vn 0.9848 -0.1441 -0.0970
vn -0.7649 -0.1441 0.6278
vn -0.9705 0.1441 0.1931
vn 0.9705 -0.1441 -0.1931
vn 0.6997 0.1441 -0.6997
vn -0.6997 -0.1441 0.6997
vn -0.9470 0.1441 0.2873
vn 0.9469 -0.1441 -0.2873
vn 0.6278 0.1441 -0.7649
vn -0.6278 -0.1441 0.7649
vn -0.9142 0.1441 0.3787
vn 0.9142 -0.1441 -0.3787
vn 0.5498 0.1441 -0.8228
vn -0.5498 -0.1441 0.8228
vn -0.8727 0.1441 0.4665
vn 0.8727 -0.1441 -0.4665
vn 0.4665 0.1441 -0.8727
vn -0.4665 -0.1441 0.8727
vn 0.0970 0.1441 0.9848
vn -0.0970 -0.1441 -0.9848
vn -0.8228 0.1441 0.5498
vn 0.8228 -0.1441 -0.5498
vn -0.3787 -0.1441 0.9142
vn 0.1931 0.1441 0.9705
vn -0.1931 -0.1441 -0.9705
vn 0.7649 -0.1441 -0.6278
vn 0.2873 0.1441 -0.9470
vn -0.2873 -0.1441 0.9469
vn 0.2873 0.1441 0.9470
vn -0.2873 -0.1441 -0.9469
vn -0.6997 0.1441 0.6997
vn 0.6997 -0.1441 -0.6997
vn 0.1931 0.1441 -0.9705
vn -0.1931 -0.1441 0.9705
vn 0.3787 0.1441 0.9142
vn -0.3787 -0.1442 -0.9142
vn -0.6278 0.1441 0.7649
vn 0.6278 -0.1441 -0.7649
vn 0.0970 0.1441 -0.9848
vn -0.0970 -0.1441 0.9848
vn 0.4665 0.1441 0.8727
vn -0.4665 -0.1441 -0.8727
vn -0.5498 0.1441 0.8228
vn 0.5498 -0.1441 -0.8228
vn -0.0000 0.1441 -0.9896
vn -0.0000 -0.1441 0.9896
vn 0.5498 0.1441 0.8228
vn -0.5498 -0.1441 -0.8228
vn -0.4665 0.1441 0.8727
vn 0.4665 -0.1441 -0.8727
vn -0.0970 0.1441 -0.9848
vn 0.0970 -0.1441 0.9848
vn 0.6278 0.1441 0.7649
vn -0.6278 -0.1441 -0.7649
vn 0.3787 -0.1441 -0.9142
vn -0.1931 0.1441 -0.9705
vn 0.1931 -0.1441 0.9705
vn 0.6997 0.1441 0.6997
vn -0.6997 -0.1441 -0.6997
vn -0.2873 0.1441 0.9470
vn 0.2873 -0.1441 -0.9469
vn -0.2873 0.1441 -0.9470
vn 0.2873 -0.1441 0.9469
vn 0.7649 0.1441 0.6278
vn -0.7649 -0.1441 -0.6278
vn -0.1931 0.1441 0.9705
vn 0.1931 -0.1442 -0.9705
vn -0.3787 0.1441 -0.9142
vn 0.3787 -0.1441 0.9142
vn 0.8228 0.1441 0.5498
vn -0.8228 -0.1441 -0.5498
vn -0.0970 0.1441 0.9848
vn 0.0970 -0.1441 -0.9848
vn -0.4665 0.1441 -0.8727
vn 0.4665 -0.1441 0.8727
vn 0.8727 0.1441 0.4665
vn -0.8727 -0.1441 -0.4665
vn -0.0000 0.1441 0.9896
vn -0.0000 -0.1441 -0.9896
vn -0.5498 0.1441 -0.8228
vn 0.5498 -0.1441 0.8228
vn -0.9142 -0.1441 -0.3787
vn -0.6278 0.1441 -0.7649
vn 0.6278 -0.1441 0.7649
vn 0.9470 0.1441 0.2873
vn -0.9469 -0.1441 -0.2873
vn -0.6997 0.1441 -0.6997
vn 0.6997 -0.1441 0.6997
vn -0.9705 -0.1441 -0.1931
vn -0.7649 0.1441 -0.6278
vn 0.7649 -0.1441 0.6278
vn 0.9848 0.1441 0.0970
vn -0.9848 -0.1441 -0.0970
vn -0.8228 0.1441 -0.5498
vn 0.8228 -0.1441 0.5498
vn 0.9896 0.1441 -0.0000
vn -0.9896 -0.1441 -0.0000
vn -0.8727 0.1441 -0.4665
vn 0.8727 -0.1441 0.4665
vn 0.9848 0.1441 -0.0970
vn -0.9848 -0.1441 0.0970
vn 0.9142 -0.1441 0.3787
vn 0.9705 0.1441 -0.1931
vn -0.9705 -0.1441 0.1931
vn 0.9469 -0.1441 0.2873
vn 0.9470 0.1441 -0.2873
vn -0.9469 -0.1441 0.2873
vn -0.0000 1.0000 -0.0000
vn -0.0000 -1.0000 -0.0000
vn -0.9705 0.1441 -0.1931
vn 0.7649 0.1441 -0.6278
vn 0.3787 0.1441 -0.9142
vn -0.7649 0.1441 0.6278
vn -0.3787 0.1441 0.9142
vn 0.9142 0.1441 0.3787
vn 0.9705 0.1441 0.1931
vn -0.9142 0.1441 -0.3787
vn -0.0000 1.0000 -0.0001
vn -0.0000 1.0000 0.0001
vn -0.7953 0.1401 -0.5898
vn 0.9889 0.1401 0.0486
vn -0.8493 0.1401 -0.5090
vn 0.9889 0.1401 -0.0486
vn -0.8951 0.1401 -0.4233
vn 0.9794 0.1401 -0.1453
vn -0.9323 0.1401 -0.3336
vn 0.9605 0.1401 -0.2406
vn -0.9605 0.1401 -0.2406
vn 0.9323 0.1401 -0.3336
vn -0.9794 0.1401 -0.1453
vn 0.8951 0.1401 -0.4233
vn -0.9889 0.1401 -0.0486
vn 0.8493 0.1401 -0.5090
vn -0.9889 0.1401 0.0486
vn 0.7953 0.1401 -0.5898
vn -0.9794 0.1401 0.1453
vn 0.7336 0.1401 -0.6649
vn -0.9605 0.1401 0.2406
vn 0.6649 0.1401 -0.7336
vn -0.9323 0.1401 0.3336
vn 0.5898 0.1401 -0.7953
vn -0.8951 0.1401 0.4233
vn 0.5090 0.1401 -0.8493
vn 0.0486 0.1401 0.9889
vn -0.8493 0.1401 0.5090
vn 0.4233 0.1401 -0.8951
vn 0.1453 0.1401 0.9794
vn -0.7953 0.1401 0.5898
vn 0.3336 0.1401 -0.9323
vn 0.2406 0.1401 0.9605
vn -0.7336 0.1401 0.6649
vn 0.2406 0.1401 -0.9605
vn 0.3336 0.1401 0.9323
vn -0.6649 0.1401 0.7336
vn 0.1453 0.1401 -0.9794
vn 0.4233 0.1401 0.8951
vn -0.5898 0.1401 0.7953
vn 0.0486 0.1401 -0.9889
vn 0.5090 0.1401 0.8493
vn -0.5090 0.1401 0.8493
vn -0.0486 0.1401 -0.9889
vn 0.5898 0.1401 0.7953
vn -0.4233 0.1401 0.8951
vn -0.1453 0.1401 -0.9794
vn 0.6649 0.1401 0.7336
vn -0.3336 0.1401 0.9323
vn -0.2406 0.1401 -0.9605
vn 0.7336 0.1401 0.6649
vn -0.2406 0.1401 0.9605
vn -0.3336 0.1401 -0.9323
vn 0.7953 0.1401 0.5898
vn -0.1453 0.1401 0.9794
vn -0.4233 0.1401 -0.8951
vn 0.8493 0.1401 0.5090
vn -0.0486 0.1401 0.9889
vn -0.5090 0.1401 -0.8493
vn 0.8951 0.1401 0.4233
vn -0.5898 0.1401 -0.7953
vn 0.9323 0.1401 0.3336
vn -0.6649 0.1401 -0.7336
vn 0.9605 0.1401 0.2406
vn -0.7336 0.1401 -0.6649
vn 0.9794 0.1401 0.1453
vn 0.7953 -0.1401 0.5898
vn -0.9889 -0.1401 -0.0486
vn 0.8493 -0.1401 0.5090
vn -0.9889 -0.1401 0.0486
vn 0.8951 -0.1401 0.4233
vn -0.9794 -0.1401 0.1453
vn 0.9323 -0.1401 0.3336
vn -0.9605 -0.1401 0.2406
vn 0.9605 -0.1401 0.2406
vn -0.9323 -0.1401 0.3336
vn 0.9794 -0.1401 0.1453
vn -0.8951 -0.1401 0.4233
vn 0.9889 -0.1401 0.0486
vn -0.8493 -0.1401 0.5090
vn 0.9889 -0.1401 -0.0486
vn -0.7953 -0.1401 0.5898
vn 0.9794 -0.1401 -0.1453
vn -0.7336 -0.1401 0.6649
vn 0.9605 -0.1401 -0.2406
vn -0.6649 -0.1401 0.7336
vn 0.9323 -0.1401 -0.3336
vn -0.5898 -0.1401 0.7953
vn 0.8951 -0.1401 -0.4233
vn -0.5090 -0.1401 0.8493
vn -0.0486 -0.1401 -0.9889
vn 0.8493 -0.1401 -0.5090
vn -0.4233 -0.1401 0.8951
vn -0.1453 -0.1401 -0.9794
vn 0.7953 -0.1401 -0.5898
vn -0.3336 -0.1401 0.9323
vn -0.2406 -0.1401 -0.9605
vn 0.7336 -0.1401 -0.6649
vn -0.2406 -0.1401 0.9605
vn -0.3336 -0.1401 -0.9323
vn 0.6649 -0.1401 -0.7336
vn -0.1453 -0.1401 0.9794
vn -0.4233 -0.1401 -0.8951
vn 0.5898 -0.1401 -0.7953
vn -0.0486 -0.1401 0.9889
vn -0.5090 -0.1401 -0.8493
vn 0.5090 -0.1401 -0.8493
vn 0.0486 -0.1401 0.9889
vn -0.5898 -0.1401 -0.7953
vn 0.4233 -0.1401 -0.8951
vn 0.1453 -0.1401 0.9794
vn -0.6649 -0.1401 -0.7336
vn 0.3336 -0.1401 -0.9323
vn 0.2406 -0.1401 0.9605
vn -0.7336 -0.1401 -0.6649
vn 0.2406 -0.1401 -0.9605
vn 0.3336 -0.1401 0.9323
vn -0.7953 -0.1401 -0.5898
vn 0.1453 -0.1401 -0.9794
vn 0.4233 -0.1401 0.8951
vn -0.8493 -0.1401 -0.5090
vn 0.0486 -0.1401 -0.9889
vn 0.5090 -0.1401 0.8493
vn -0.8951 -0.1401 -0.4233
vn 0.5898 -0.1401 0.7953
vn -0.9323 -0.1401 -0.3336
vn 0.6649 -0.1401 0.7336
vn -0.9605 -0.1401 -0.2406
vn 0.7336 -0.1401 0.6649
vn -0.9794 -0.1401 -0.1453
vn -0.0000 -0.9897 0.1430
vn 0.0140 -0.9897 0.1423
vn 0.0279 -0.9897 0.1402
vn 0.0348 -0.9897 0.1389
vn 0.0482 -0.9897 0.1349
vn 0.0547 -0.9897 0.1321
vn 0.0674 -0.9897 0.1261
vn 0.0794 -0.9897 0.1189
vn 0.0854 -0.9897 0.1150
vn 0.1011 -0.9897 0.1011
vn 0.0961 -0.9897 0.1061
vn 0.1061 -0.9897 0.0961
vn 0.1150 -0.9897 0.0854
vn 0.1189 -0.9897 0.0794
vn 0.1261 -0.9897 0.0674
vn 0.1294 -0.9897 0.0612
vn 0.1348 -0.9897 0.0482
vn 0.1368 -0.9897 0.0415
vn 0.1389 -0.9897 0.0348
vn 0.1423 -0.9897 0.0140
vn 0.1416 -0.9897 0.0210
vn 0.1430 -0.9897 -0.0000
vn 0.1430 -0.9897 -0.0070
vn 0.1402 -0.9897 -0.0279
vn 0.1416 -0.9897 -0.0210
vn 0.1368 -0.9897 -0.0415
vn 0.1348 -0.9897 -0.0482
vn 0.1261 -0.9897 -0.0674
vn 0.1294 -0.9897 -0.0612
vn 0.1189 -0.9897 -0.0794
vn 0.1150 -0.9897 -0.0854
vn 0.1011 -0.9897 -0.1011
vn 0.1061 -0.9897 -0.0961
vn 0.0961 -0.9897 -0.1061
vn 0.0854 -0.9897 -0.1150
vn 0.0794 -0.9897 -0.1189
vn 0.0674 -0.9897 -0.1261
vn 0.0547 -0.9897 -0.1321
vn 0.0482 -0.9897 -0.1349
vn 0.0279 -0.9897 -0.1402
vn 0.0348 -0.9897 -0.1389
vn 0.0140 -0.9897 -0.1423
vn -0.0000 -0.9897 -0.1430
vn -0.0140 -0.9897 -0.1423
vn -0.0279 -0.9897 -0.1402
vn -0.0348 -0.9897 -0.1389
vn -0.0482 -0.9897 -0.1349
vn -0.0482 -0.9897 -0.1348
vn -0.0612 -0.9897 -0.1294
vn -0.0674 -0.9897 -0.1261
vn -0.0736 -0.9897 -0.1228
vn -0.0854 -0.9897 -0.1150
vn -0.0853 -0.9897 -0.1150
vn -0.1011 -0.9897 -0.1011
vn -0.0961 -0.9897 -0.1061
vn -0.1061 -0.9897 -0.0961
vn -0.1150 -0.9897 -0.0854
vn -0.1189 -0.9897 -0.0794
vn -0.1261 -0.9897 -0.0674
vn -0.1321 -0.9897 -0.0547
vn -0.1368 -0.9897 -0.0415
vn -0.1402 -0.9897 -0.0279
vn -0.1416 -0.9897 -0.0210
vn -0.1430 -0.9897 -0.0000
vn -0.1430 -0.9897 -0.0070
vn -0.1423 -0.9897 0.0140
vn -0.1402 -0.9897 0.0279
vn -0.1368 -0.9897 0.0415
vn -0.1348 -0.9897 0.0482
vn -0.1261 -0.9897 0.0674
vn -0.1294 -0.9897 0.0612
vn -0.1189 -0.9897 0.0794
vn -0.1150 -0.9897 0.0854
vn -0.1011 -0.9897 0.1011
vn -0.1061 -0.9897 0.0961
vn -0.0961 -0.9897 0.1061
vn -0.0854 -0.9897 0.1150
vn -0.0853 -0.9897 0.1150
vn -0.0736 -0.9897 0.1228
vn -0.0674 -0.9897 0.1261
vn -0.0612 -0.9897 0.1294
vn -0.0482 -0.9897 0.1349
vn -0.0482 -0.9897 0.1348
vn -0.0279 -0.9897 0.1402
vn -0.0348 -0.9897 0.1389
vn -0.0140 -0.9897 0.1423
vn -0.0000 0.9897 -0.1430
vn -0.0070 0.9897 -0.1430
vn -0.0210 0.9897 -0.1416
vn -0.0210 0.9897 -0.1417
vn -0.0348 0.9897 -0.1390
vn -0.0415 0.9897 -0.1368
vn -0.0547 0.9897 -0.1321
vn -0.0612 0.9897 -0.1294
vn -0.0736 0.9897 -0.1228
vn -0.0794 0.9897 -0.1189
vn -0.0907 0.9897 -0.1105
vn -0.1011 0.9897 -0.1011
vn -0.1061 0.9897 -0.0961
vn -0.1150 0.9897 -0.0854
vn -0.1189 0.9897 -0.0794
vn -0.1261 0.9897 -0.0674
vn -0.1321 0.9897 -0.0547
vn -0.1368 0.9897 -0.0415
vn -0.1390 0.9897 -0.0348
vn -0.1417 0.9897 -0.0210
vn -0.1416 0.9897 -0.0210
vn -0.1430 0.9897 -0.0070
vn -0.1430 0.9897 -0.0000
vn -0.1430 0.9897 0.0070
vn -0.1416 0.9897 0.0210
vn -0.1417 0.9897 0.0210
vn -0.1390 0.9897 0.0348
vn -0.1390 0.9897 0.0349
vn -0.1349 0.9897 0.0482
vn -0.1348 0.9897 0.0482
vn -0.1294 0.9897 0.0612
vn -0.1261 0.9897 0.0674
vn -0.1189 0.9897 0.0794
vn -0.1150 0.9897 0.0854
vn -0.1061 0.9897 0.0961
vn -0.1011 0.9897 0.1011
vn -0.0907 0.9897 0.1105
vn -0.0853 0.9897 0.1151
vn -0.0736 0.9897 0.1229
vn -0.0736 0.9897 0.1228
vn -0.0612 0.9897 0.1294
vn -0.0482 0.9897 0.1348
vn -0.0482 0.9897 0.1349
vn -0.0348 0.9897 0.1390
vn -0.0279 0.9897 0.1402
vn -0.0210 0.9897 0.1416
vn -0.0070 0.9897 0.1430
vn -0.0000 0.9897 0.1430
vn 0.0070 0.9897 0.1430
vn 0.0210 0.9897 0.1416
vn 0.0210 0.9897 0.1417
vn 0.0348 0.9897 0.1390
vn 0.0482 0.9897 0.1349
vn 0.0547 0.9897 0.1321
vn 0.0674 0.9897 0.1261
vn 0.0736 0.9897 0.1229
vn 0.0853 0.9897 0.1151
vn 0.0853 0.9897 0.1150
vn 0.0962 0.9897 0.1061
vn 0.1011 0.9897 0.1011
vn 0.1105 0.9897 0.0907
vn 0.1151 0.9897 0.0853
vn 0.1229 0.9897 0.0736
vn 0.1228 0.9897 0.0736
vn 0.1294 0.9897 0.0612
vn 0.1348 0.9897 0.0482
vn 0.1368 0.9897 0.0415
vn 0.1390 0.9897 0.0348
vn 0.1417 0.9897 0.0210
vn 0.1416 0.9897 0.0210
vn 0.1430 0.9897 0.0070
vn 0.1430 0.9897 -0.0000
vn 0.1430 0.9897 -0.0070
vn 0.1416 0.9897 -0.0210
vn 0.1417 0.9897 -0.0210
vn 0.1390 0.9897 -0.0348
vn 0.1368 0.9897 -0.0415
vn 0.1321 0.9897 -0.0547
vn 0.1261 0.9897 -0.0674
vn 0.1229 0.9897 -0.0736
vn 0.1151 0.9897 -0.0853
vn 0.1105 0.9897 -0.0907
vn 0.1011 0.9897 -0.1011
vn 0.0962 0.9897 -0.1061
vn 0.0853 0.9897 -0.1150
vn 0.0794 0.9897 -0.1189
vn 0.0736 0.9897 -0.1228
vn 0.0612 0.9897 -0.1294
vn 0.0482 0.9897 -0.1348
vn 0.0415 0.9897 -0.1368
vn 0.0348 0.9897 -0.1390
vn 0.0210 0.9897 -0.1417
vn 0.0210 0.9897 -0.1416
vn 0.0070 0.9897 -0.1430
vn 0.7422 0.2795 0.6091
vn 0.7983 0.2795 0.5334
vn -0.9555 0.2795 -0.0941
vn -0.9602 0.2795 -0.0000
vn 0.8468 0.2795 0.4526
vn -0.9555 0.2795 0.0941
vn 0.8871 0.2795 0.3674
vn -0.9417 0.2795 0.1873
vn 0.9188 0.2795 0.2787
vn -0.9188 0.2795 0.2787
vn 0.9417 0.2795 0.1873
vn -0.8871 0.2795 0.3674
vn 0.9555 0.2795 0.0941
vn -0.8468 0.2795 0.4526
vn 0.9602 0.2795 -0.0000
vn -0.7983 0.2795 0.5334
vn 0.9555 0.2795 -0.0941
vn -0.7422 0.2795 0.6091
vn 0.9417 0.2795 -0.1873
vn -0.6789 0.2795 0.6789
vn 0.9188 0.2795 -0.2787
vn -0.6091 0.2795 0.7422
vn 0.8871 0.2795 -0.3674
vn -0.5334 0.2795 0.7983
vn 0.8468 0.2795 -0.4526
vn -0.4526 0.2795 0.8468
vn -0.0941 0.2795 -0.9555
vn -0.0000 0.2795 -0.9602
vn 0.7983 0.2795 -0.5334
vn -0.3674 0.2795 0.8871
vn -0.1873 0.2795 -0.9417
vn 0.7422 0.2795 -0.6091
vn -0.2787 0.2795 0.9188
vn -0.2787 0.2795 -0.9188
vn 0.6789 0.2795 -0.6789
vn -0.1873 0.2795 0.9417
vn -0.3674 0.2795 -0.8871
vn 0.6091 0.2795 -0.7422
vn -0.0941 0.2795 0.9555
vn -0.4526 0.2795 -0.8468
vn 0.5334 0.2795 -0.7983
vn -0.0000 0.2795 0.9602
vn -0.5334 0.2795 -0.7983
vn 0.4526 0.2795 -0.8468
vn 0.0941 0.2795 0.9555
vn -0.6091 0.2795 -0.7422
vn 0.3674 0.2795 -0.8871
vn 0.1873 0.2795 0.9417
vn -0.6789 0.2795 -0.6789
vn 0.2787 0.2795 -0.9188
vn 0.2787 0.2795 0.9188
vn -0.7422 0.2795 -0.6091
vn 0.1873 0.2795 -0.9417
vn 0.3674 0.2795 0.8871
vn -0.7983 0.2795 -0.5334
vn 0.0941 0.2795 -0.9555
vn 0.4526 0.2795 0.8468
vn -0.8468 0.2795 -0.4526
vn 0.5334 0.2795 0.7983
vn -0.8871 0.2795 -0.3674
vn 0.6091 0.2795 0.7422
vn -0.9188 0.2795 -0.2787
vn 0.6789 0.2795 0.6789
vn -0.9417 0.2795 -0.1873
vn -0.0000 0.3011 0.9536
vn 0.0935 0.3011 0.9490
vn -0.5298 0.3011 -0.7929
vn -0.6050 0.3011 -0.7371
vn 0.4495 0.3011 -0.8410
vn 0.3649 0.3011 -0.8810
vn 0.1860 0.3011 0.9353
vn -0.6743 0.3011 -0.6743
vn 0.2768 0.3011 -0.9125
vn 0.2768 0.3011 0.9125
vn -0.7371 0.3011 -0.6050
vn 0.1860 0.3011 -0.9353
vn 0.3649 0.3011 0.8810
vn -0.7929 0.3011 -0.5298
vn 0.0935 0.3011 -0.9490
vn 0.4495 0.3011 0.8410
vn -0.8410 0.3011 -0.4495
vn -0.0000 0.3011 -0.9536
vn 0.5298 0.3011 0.7929
vn -0.8810 0.3011 -0.3649
vn 0.6050 0.3011 0.7371
vn -0.9125 0.3011 -0.2768
vn 0.6743 0.3011 0.6743
vn -0.9353 0.3011 -0.1860
vn 0.7371 0.3011 0.6050
vn -0.9490 0.3011 -0.0935
vn 0.7929 0.3011 0.5298
vn -0.9536 0.3011 -0.0000
vn 0.8410 0.3011 0.4495
vn -0.9490 0.3011 0.0935
vn 0.8810 0.3011 0.3649
vn -0.9353 0.3011 0.1860
vn 0.9125 0.3011 0.2768
vn -0.9125 0.3011 0.2768
vn 0.9353 0.3011 0.1860
vn -0.8810 0.3011 0.3649
vn 0.9490 0.3011 0.0935
vn -0.8410 0.3011 0.4495
vn 0.9536 0.3011 -0.0000
vn -0.7929 0.3011 0.5298
vn 0.9490 0.3011 -0.0935
vn -0.7371 0.3011 0.6050
vn 0.9353 0.3011 -0.1860
vn -0.6743 0.3011 0.6743
vn 0.9125 0.3011 -0.2768
vn -0.6050 0.3011 0.7371
vn 0.8810 0.3011 -0.3649
vn -0.5298 0.3011 0.7929
vn 0.8410 0.3011 -0.4495
vn -0.4495 0.3011 0.8410
vn -0.0935 0.3011 -0.9490
vn 0.7929 0.3011 -0.5298
vn -0.3649 0.3011 0.8810
vn -0.1860 0.3011 -0.9353
vn 0.7371 0.3011 -0.6050
vn -0.2768 0.3011 0.9125
vn -0.2768 0.3011 -0.9125
vn 0.6743 0.3011 -0.6743
vn -0.1860 0.3011 0.9353
vn -0.3649 0.3011 -0.8810
vn 0.6050 0.3011 -0.7371
vn -0.0935 0.3011 0.9490
vn -0.4495 0.3011 -0.8410
vn 0.5298 0.3011 -0.7929
vn 0.5831 0.7757 0.2415
vn 0.5566 0.7757 0.2975
vn -0.6281 0.7757 0.0619
vn -0.6190 0.7757 0.1231
vn 0.6039 0.7757 0.1832
vn -0.6039 0.7757 0.1832
vn 0.6190 0.7757 0.1231
vn -0.5831 0.7757 0.2415
vn 0.6281 0.7757 0.0619
vn -0.5566 0.7757 0.2975
vn 0.6311 0.7757 -0.0000
vn -0.5248 0.7757 0.3506
vn 0.6281 0.7757 -0.0619
vn -0.4879 0.7757 0.4004
vn 0.6190 0.7757 -0.1231
vn -0.4463 0.7757 0.4463
vn 0.6039 0.7757 -0.1832
vn -0.4004 0.7757 0.4879
vn 0.5831 0.7757 -0.2415
vn -0.3506 0.7757 0.5248
vn 0.5566 0.7757 -0.2975
vn -0.2975 0.7757 0.5566
vn -0.0000 0.7757 -0.6311
vn -0.0619 0.7757 -0.6281
vn 0.5248 0.7757 -0.3506
vn -0.2415 0.7757 0.5831
vn -0.1231 0.7757 -0.6190
vn 0.4878 0.7757 -0.4004
vn 0.4879 0.7757 -0.4004
vn -0.1832 0.7757 0.6039
vn -0.1832 0.7757 -0.6039
vn -0.4878 -0.7757 0.4004
vn -0.4463 -0.7757 0.4463
vn -0.4463 -0.7757 0.4462
vn -0.1231 0.7757 0.6190
vn -0.2415 0.7757 -0.5831
vn 0.4004 0.7757 -0.4879
vn 0.4462 0.7757 -0.4463
vn -0.0619 0.7757 0.6281
vn -0.2975 0.7757 -0.5566
vn 0.3506 0.7757 -0.5248
vn -0.0000 0.7757 0.6311
vn -0.3506 0.7757 -0.5248
vn 0.2975 0.7757 -0.5566
vn 0.0619 0.7757 0.6281
vn -0.4004 0.7757 -0.4879
vn 0.2415 0.7757 -0.5831
vn 0.1231 0.7757 0.6190
vn -0.4463 0.7757 -0.4463
vn 0.1832 0.7757 -0.6039
vn 0.1832 0.7757 0.6039
vn -0.4879 0.7757 -0.4004
vn 0.1231 0.7757 -0.6190
vn 0.2415 0.7757 0.5831
vn -0.5248 0.7757 -0.3506
vn 0.0619 0.7757 -0.6281
vn 0.2975 0.7757 0.5566
vn -0.5566 0.7757 -0.2975
vn 0.3506 0.7757 0.5248
vn -0.5831 0.7757 -0.2415
vn 0.4004 0.7757 0.4879
vn -0.6039 0.7757 -0.1832
vn 0.4463 0.7757 0.4463
vn -0.6190 0.7757 -0.1231
vn 0.4879 0.7757 0.4004
vn -0.6281 0.7757 -0.0619
vn 0.5248 0.7757 0.3506
vn -0.6311 0.7757 -0.0000
vn -0.9952 -0.0000 0.0980
vn -0.9808 -0.0000 0.1951
vn -0.7730 -0.0000 0.6344
vn -0.7071 -0.0000 0.7071
vn -0.9569 -0.0000 0.2903
vn -0.6344 -0.0000 0.7730
vn -0.9239 -0.0000 0.3827
vn -0.5556 -0.0000 0.8315
vn -0.8819 -0.0000 0.4714
vn -0.4714 -0.0000 0.8819
vn -0.0000 -0.0000 1.0000
vn 0.0980 -0.0000 0.9952
vn -0.8315 -0.0000 0.5556
vn -0.3827 -0.0000 0.9239
vn 0.1951 -0.0000 0.9808
vn -0.2903 -0.0000 0.9569
vn 0.2903 -0.0000 0.9569
vn -0.1951 -0.0000 0.9808
vn 0.3827 -0.0000 0.9239
vn -0.0980 -0.0000 0.9952
vn 0.4714 -0.0000 0.8819
vn 0.5556 -0.0000 0.8315
vn 0.6344 -0.0000 0.7730
vn 0.7071 -0.0000 0.7071
vn 0.7730 -0.0000 0.6344
vn 0.8315 -0.0000 0.5556
vn 0.8819 -0.0000 0.4714
vn 0.9239 -0.0000 0.3827
vn -0.5556 -0.0000 -0.8315
vn -0.6344 -0.0000 -0.7730
vn 0.9569 -0.0000 0.2903
vn -0.7071 -0.0000 -0.7071
vn 0.9808 -0.0000 0.1951
vn -0.7730 -0.0000 -0.6344
vn 0.9952 -0.0000 0.0980
vn -0.8315 -0.0000 -0.5556
vn 1.0000 -0.0000 -0.0000
vn -0.8819 -0.0000 -0.4714
vn 0.9952 -0.0000 -0.0980
vn -0.9239 -0.0000 -0.3827
vn 0.9808 -0.0000 -0.1951
vn -0.9569 -0.0000 -0.2903
vn 0.9569 -0.0000 -0.2903
vn -0.9808 -0.0000 -0.1951
vn -0.9952 -0.0000 -0.0980
vn -1.0000 -0.0000 -0.0000
vn 0.4463 0.7757 -0.4463
vn 0.9239 -0.0000 -0.3827
vt 0.000000 0.000000
s 1
usemtl Material.002
f 129/1/1 132/1/2 131/1/3
f 131/1/3 134/1/4 133/1/5
f 133/1/5 136/1/6 135/1/7
f 135/1/7 138/1/8 137/1/9
f 137/1/9 140/1/10 139/1/11
f 139/1/11 142/1/12 141/1/13
f 141/1/13 144/1/14 143/1/15
f 143/1/15 146/1/16 145/1/17
f 147/1/18 146/1/16 148/1/19
f 147/1/18 150/1/20 149/1/21
f 149/1/21 152/1/22 151/1/23
f 153/1/24 152/1/22 154/1/25
f 155/1/26 154/1/25 156/1/27
f 155/1/26 158/1/28 157/1/29
f 157/1/29 160/1/30 159/1/31
f 161/1/32 160/1/30 162/1/33
f 161/1/32 164/1/34 163/1/35
f 165/1/36 164/1/34 166/1/37
f 167/1/38 166/1/37 168/1/39
f 167/1/38 170/1/40 169/1/41
f 169/1/41 172/1/42 171/1/43
f 171/1/43 174/1/44 173/1/45
f 175/1/46 174/1/44 176/1/47
f 175/1/46 178/1/48 177/1/49
f 177/1/49 180/1/50 179/1/51
f 179/1/51 182/1/52 181/1/53
f 181/1/53 184/1/54 183/1/55
f 185/1/56 184/1/54 186/1/57
f 187/1/58 186/1/57 188/1/59
f 189/1/60 188/1/59 190/1/61
f 189/1/60 192/1/62 191/1/63
f 193/1/64 192/1/62 194/1/65
f 193/1/64 196/1/66 195/1/67
f 197/1/68 196/1/66 198/1/69
f 197/1/68 200/1/70 199/1/71
f 199/1/71 202/1/72 201/1/73
f 201/1/73 204/1/74 203/1/75
f 203/1/75 206/1/76 205/1/77
f 205/1/77 208/1/78 207/1/79
f 207/1/79 210/1/80 209/1/81
f 211/1/82 210/1/80 212/1/83
f 211/1/82 214/1/84 213/1/85
f 213/1/85 216/1/86 215/1/87
f 217/1/88 216/1/86 218/1/89
f 219/1/90 218/1/89 220/1/91
f 219/1/90 222/1/92 221/1/93
f 221/1/93 224/1/94 223/1/95
f 225/1/96 224/1/94 226/1/97
f 225/1/96 228/1/98 227/1/99
f 229/1/100 228/1/98 230/1/101
f 231/1/102 230/1/101 232/1/103
f 231/1/102 234/1/104 233/1/105
f 233/1/105 236/1/106 235/1/107
f 235/1/107 238/1/108 237/1/109
f 239/1/110 238/1/108 240/1/111
f 239/1/110 242/1/112 241/1/113
f 241/1/113 244/1/114 243/1/115
f 243/1/115 246/1/116 245/1/117
f 245/1/117 248/1/118 247/1/119
f 249/1/120 248/1/118 250/1/121
f 251/1/122 250/1/121 252/1/123
f 253/1/124 252/1/123 254/1/125
f 253/1/124 256/1/126 255/1/127
f 129/1/1 256/1/126 130/1/128
f 221/1/93 91/1/129 219/1/90
f 220/1/91 94/1/130 222/1/92
f 41/1/131 167/1/38 169/1/41
f 168/1/39 42/1/132 170/1/40
f 95/1/133 221/1/93 223/1/95
f 222/1/92 96/1/134 224/1/94
f 43/1/135 169/1/41 171/1/43
f 170/1/40 44/1/136 172/1/42
f 97/1/137 223/1/95 225/1/96
f 224/1/94 98/1/138 226/1/97
f 45/1/139 171/1/43 173/1/45
f 172/1/42 46/1/140 174/1/44
f 99/1/141 225/1/96 227/1/99
f 226/1/97 100/1/142 228/1/98
f 175/1/46 45/1/139 173/1/45
f 174/1/44 48/1/143 176/1/47
f 101/1/144 227/1/99 229/1/100
f 228/1/98 102/1/145 230/1/101
f 49/1/146 175/1/46 177/1/49
f 176/1/47 50/1/147 178/1/48
f 103/1/148 229/1/100 231/1/102
f 230/1/101 104/1/149 232/1/103
f 51/1/150 177/1/49 179/1/51
f 178/1/48 52/1/151 180/1/50
f 105/1/152 231/1/102 233/1/105
f 232/1/103 106/1/153 234/1/104
f 53/1/154 179/1/51 181/1/53
f 180/1/50 54/1/155 182/1/52
f 107/1/156 233/1/105 235/1/107
f 234/1/104 108/1/157 236/1/106
f 55/1/158 181/1/53 183/1/55
f 182/1/52 56/1/159 184/1/54
f 3/1/160 129/1/1 131/1/3
f 130/1/128 4/1/161 132/1/2
f 109/1/162 235/1/107 237/1/109
f 236/1/106 110/1/163 238/1/108
f 185/1/56 55/1/158 183/1/55
f 184/1/54 58/1/164 186/1/57
f 5/1/165 131/1/3 133/1/5
f 132/1/2 6/1/166 134/1/4
f 239/1/110 109/1/162 237/1/109
f 238/1/108 112/1/167 240/1/111
f 59/1/168 185/1/56 187/1/58
f 186/1/57 60/1/169 188/1/59
f 7/1/170 133/1/5 135/1/7
f 134/1/4 8/1/171 136/1/6
f 113/1/172 239/1/110 241/1/113
f 240/1/111 114/1/173 242/1/112
f 61/1/174 187/1/58 189/1/60
f 188/1/59 62/1/175 190/1/61
f 9/1/176 135/1/7 137/1/9
f 136/1/6 10/1/177 138/1/8
f 115/1/178 241/1/113 243/1/115
f 242/1/112 116/1/179 244/1/114
f 63/1/180 189/1/60 191/1/63
f 190/1/61 64/1/181 192/1/62
f 11/1/182 137/1/9 139/1/11
f 138/1/8 12/1/183 140/1/10
f 117/1/184 243/1/115 245/1/117
f 244/1/114 118/1/185 246/1/116
f 65/1/186 191/1/63 193/1/64
f 192/1/62 66/1/187 194/1/65
f 13/1/188 139/1/11 141/1/13
f 140/1/10 14/1/189 142/1/12
f 119/1/190 245/1/117 247/1/119
f 246/1/116 120/1/191 248/1/118
f 67/1/192 193/1/64 195/1/67
f 194/1/65 68/1/193 196/1/66
f 15/1/194 141/1/13 143/1/15
f 142/1/12 16/1/195 144/1/14
f 249/1/120 119/1/190 247/1/119
f 248/1/118 122/1/196 250/1/121
f 69/1/197 195/1/67 197/1/68
f 196/1/66 70/1/198 198/1/69
f 17/1/199 143/1/15 145/1/17
f 144/1/14 18/1/200 146/1/16
f 123/1/201 249/1/120 251/1/122
f 250/1/121 124/1/202 252/1/123
f 71/1/203 197/1/68 199/1/71
f 198/1/69 72/1/204 200/1/70
f 19/1/205 145/1/17 147/1/18
f 146/1/16 20/1/206 148/1/19
f 125/1/207 251/1/122 253/1/124
f 252/1/123 126/1/208 254/1/125
f 73/1/209 199/1/71 201/1/73
f 200/1/70 74/1/210 202/1/72
f 21/1/211 147/1/18 149/1/21
f 148/1/19 22/1/212 150/1/20
f 127/1/213 253/1/124 255/1/127
f 254/1/125 128/1/214 256/1/126
f 75/1/215 201/1/73 203/1/75
f 202/1/72 76/1/216 204/1/74
f 23/1/217 149/1/21 151/1/23
f 150/1/20 24/1/218 152/1/22
f 1/1/219 255/1/127 129/1/1
f 256/1/126 2/1/220 130/1/128
f 77/1/221 203/1/75 205/1/77
f 204/1/74 78/1/222 206/1/76
f 153/1/24 23/1/217 151/1/23
f 152/1/22 26/1/223 154/1/25
f 79/1/224 205/1/77 207/1/79
f 206/1/76 80/1/225 208/1/78
f 27/1/226 153/1/24 155/1/26
f 154/1/25 28/1/227 156/1/27
f 81/1/228 207/1/79 209/1/81
f 208/1/78 82/1/229 210/1/80
f 157/1/29 27/1/226 155/1/26
f 156/1/27 30/1/230 158/1/28
f 83/1/231 209/1/81 211/1/82
f 210/1/80 84/1/232 212/1/83
f 31/1/233 157/1/29 159/1/31
f 158/1/28 32/1/234 160/1/30
f 85/1/235 211/1/82 213/1/85
f 212/1/83 86/1/236 214/1/84
f 33/1/237 159/1/31 161/1/32
f 160/1/30 34/1/238 162/1/33
f 87/1/239 213/1/85 215/1/87
f 214/1/84 88/1/240 216/1/86
f 35/1/241 161/1/32 163/1/35
f 162/1/33 36/1/242 164/1/34
f 217/1/88 87/1/239 215/1/87
f 216/1/86 90/1/243 218/1/89
f 37/1/244 163/1/35 165/1/36
f 164/1/34 38/1/245 166/1/37
f 91/1/129 217/1/88 219/1/90
f 218/1/89 92/1/246 220/1/91
f 39/1/247 165/1/36 167/1/38
f 166/1/37 40/1/248 168/1/39
f 63/1/249 95/1/249 127/1/249
f 68/1/250 36/1/250 4/1/250
f 129/1/1 130/1/128 132/1/2
f 131/1/3 132/1/2 134/1/4
f 133/1/5 134/1/4 136/1/6
f 135/1/7 136/1/6 138/1/8
f 137/1/9 138/1/8 140/1/10
f 139/1/11 140/1/10 142/1/12
f 141/1/13 142/1/12 144/1/14
f 143/1/15 144/1/14 146/1/16
f 147/1/18 145/1/17 146/1/16
f 147/1/18 148/1/19 150/1/20
f 149/1/21 150/1/20 152/1/22
f 153/1/24 151/1/23 152/1/22
f 155/1/26 153/1/24 154/1/25
f 155/1/26 156/1/27 158/1/28
f 157/1/29 158/1/28 160/1/30
f 161/1/32 159/1/31 160/1/30
f 161/1/32 162/1/33 164/1/34
f 165/1/36 163/1/35 164/1/34
f 167/1/38 165/1/36 166/1/37
f 167/1/38 168/1/39 170/1/40
f 169/1/41 170/1/40 172/1/42
f 171/1/43 172/1/42 174/1/44
f 175/1/46 173/1/45 174/1/44
f 175/1/46 176/1/47 178/1/48
f 177/1/49 178/1/48 180/1/50
f 179/1/51 180/1/50 182/1/52
f 181/1/53 182/1/52 184/1/54
f 185/1/56 183/1/55 184/1/54
f 187/1/58 185/1/56 186/1/57
f 189/1/60 187/1/58 188/1/59
f 189/1/60 190/1/61 192/1/62
f 193/1/64 191/1/63 192/1/62
f 193/1/64 194/1/65 196/1/66
f 197/1/68 195/1/67 196/1/66
f 197/1/68 198/1/69 200/1/70
f 199/1/71 200/1/70 202/1/72
f 201/1/73 202/1/72 204/1/74
f 203/1/75 204/1/74 206/1/76
f 205/1/77 206/1/76 208/1/78
f 207/1/79 208/1/78 210/1/80
f 211/1/82 209/1/81 210/1/80
f 211/1/82 212/1/83 214/1/84
f 213/1/85 214/1/84 216/1/86
f 217/1/88 215/1/87 216/1/86
f 219/1/90 217/1/88 218/1/89
f 219/1/90 220/1/91 222/1/92
f 221/1/93 222/1/92 224/1/94
f 225/1/96 223/1/95 224/1/94
f 225/1/96 226/1/97 228/1/98
f 229/1/100 227/1/99 228/1/98
f 231/1/102 229/1/100 230/1/101
f 231/1/102 232/1/103 234/1/104
f 233/1/105 234/1/104 236/1/106
f 235/1/107 236/1/106 238/1/108
f 239/1/110 237/1/109 238/1/108
f 239/1/110 240/1/111 242/1/112
f 241/1/113 242/1/112 244/1/114
f 243/1/115 244/1/114 246/1/116
f 245/1/117 246/1/116 248/1/118
f 249/1/120 247/1/119 248/1/118
f 251/1/122 249/1/120 250/1/121
f 253/1/124 251/1/122 252/1/123
f 253/1/124 254/1/125 256/1/126
f 129/1/1 255/1/127 256/1/126
f 221/1/93 93/1/251 91/1/129
f 220/1/91 92/1/246 94/1/130
f 41/1/131 39/1/247 167/1/38
f 168/1/39 40/1/248 42/1/132
f 95/1/133 93/1/251 221/1/93
f 222/1/92 94/1/130 96/1/134
f 43/1/135 41/1/131 169/1/41
f 170/1/40 42/1/132 44/1/136
f 97/1/137 95/1/133 223/1/95
f 224/1/94 96/1/134 98/1/138
f 45/1/139 43/1/135 171/1/43
f 172/1/42 44/1/136 46/1/140
f 99/1/141 97/1/137 225/1/96
f 226/1/97 98/1/138 100/1/142
f 175/1/46 47/1/252 45/1/139
f 174/1/44 46/1/140 48/1/143
f 101/1/144 99/1/141 227/1/99
f 228/1/98 100/1/142 102/1/145
f 49/1/146 47/1/252 175/1/46
f 176/1/47 48/1/143 50/1/147
f 103/1/148 101/1/144 229/1/100
f 230/1/101 102/1/145 104/1/149
f 51/1/150 49/1/146 177/1/49
f 178/1/48 50/1/147 52/1/151
f 105/1/152 103/1/148 231/1/102
f 232/1/103 104/1/149 106/1/153
f 53/1/154 51/1/150 179/1/51
f 180/1/50 52/1/151 54/1/155
f 107/1/156 105/1/152 233/1/105
f 234/1/104 106/1/153 108/1/157
f 55/1/158 53/1/154 181/1/53
f 182/1/52 54/1/155 56/1/159
f 3/1/160 1/1/219 129/1/1
f 130/1/128 2/1/220 4/1/161
f 109/1/162 107/1/156 235/1/107
f 236/1/106 108/1/157 110/1/163
f 185/1/56 57/1/253 55/1/158
f 184/1/54 56/1/159 58/1/164
f 5/1/165 3/1/160 131/1/3
f 132/1/2 4/1/161 6/1/166
f 239/1/110 111/1/254 109/1/162
f 238/1/108 110/1/163 112/1/167
f 59/1/168 57/1/253 185/1/56
f 186/1/57 58/1/164 60/1/169
f 7/1/170 5/1/165 133/1/5
f 134/1/4 6/1/166 8/1/171
f 113/1/172 111/1/254 239/1/110
f 240/1/111 112/1/167 114/1/173
f 61/1/174 59/1/168 187/1/58
f 188/1/59 60/1/169 62/1/175
f 9/1/176 7/1/170 135/1/7
f 136/1/6 8/1/171 10/1/177
f 115/1/178 113/1/172 241/1/113
f 242/1/112 114/1/173 116/1/179
f 63/1/180 61/1/174 189/1/60
f 190/1/61 62/1/175 64/1/181
f 11/1/182 9/1/176 137/1/9
f 138/1/8 10/1/177 12/1/183
f 117/1/184 115/1/178 243/1/115
f 244/1/114 116/1/179 118/1/185
f 65/1/186 63/1/180 191/1/63
f 192/1/62 64/1/181 66/1/187
f 13/1/188 11/1/182 139/1/11
f 140/1/10 12/1/183 14/1/189
f 119/1/190 117/1/184 245/1/117
f 246/1/116 118/1/185 120/1/191
f 67/1/192 65/1/186 193/1/64
f 194/1/65 66/1/187 68/1/193
f 15/1/194 13/1/188 141/1/13
f 142/1/12 14/1/189 16/1/195
f 249/1/120 121/1/255 119/1/190
f 248/1/118 120/1/191 122/1/196
f 69/1/197 67/1/192 195/1/67
f 196/1/66 68/1/193 70/1/198
f 17/1/199 15/1/194 143/1/15
f 144/1/14 16/1/195 18/1/200
f 123/1/201 121/1/255 249/1/120
f 250/1/121 122/1/196 124/1/202
f 71/1/203 69/1/197 197/1/68
f 198/1/69 70/1/198 72/1/204
f 19/1/205 17/1/199 145/1/17
f 146/1/16 18/1/200 20/1/206
f 125/1/207 123/1/201 251/1/122
f 252/1/123 124/1/202 126/1/208
f 73/1/209 71/1/203 199/1/71
f 200/1/70 72/1/204 74/1/210
f 21/1/211 19/1/205 147/1/18
f 148/1/19 20/1/206 22/1/212
f 127/1/213 125/1/207 253/1/124
f 254/1/125 126/1/208 128/1/214
f 75/1/215 73/1/209 201/1/73
f 202/1/72 74/1/210 76/1/216
f 23/1/217 21/1/211 149/1/21
f 150/1/20 22/1/212 24/1/218
f 1/1/219 127/1/213 255/1/127
f 256/1/126 128/1/214 2/1/220
f 77/1/221 75/1/215 203/1/75
f 204/1/74 76/1/216 78/1/222
f 153/1/24 25/1/256 23/1/217
f 152/1/22 24/1/218 26/1/223
f 79/1/224 77/1/221 205/1/77
f 206/1/76 78/1/222 80/1/225
f 27/1/226 25/1/256 153/1/24
f 154/1/25 26/1/223 28/1/227
f 81/1/228 79/1/224 207/1/79
f 208/1/78 80/1/225 82/1/229
f 157/1/29 29/1/257 27/1/226
f 156/1/27 28/1/227 30/1/230
f 83/1/231 81/1/228 209/1/81
f 210/1/80 82/1/229 84/1/232
f 31/1/233 29/1/257 157/1/29
f 158/1/28 30/1/230 32/1/234
f 85/1/235 83/1/231 211/1/82
f 212/1/83 84/1/232 86/1/236
f 33/1/237 31/1/233 159/1/31
f 160/1/30 32/1/234 34/1/238
f 87/1/239 85/1/235 213/1/85
f 214/1/84 86/1/236 88/1/240
f 35/1/241 33/1/237 161/1/32
f 162/1/33 34/1/238 36/1/242
f 217/1/88 89/1/258 87/1/239
f 216/1/86 88/1/240 90/1/243
f 37/1/244 35/1/241 163/1/35
f 164/1/34 36/1/242 38/1/245
f 91/1/129 89/1/258 217/1/88
f 218/1/89 90/1/243 92/1/246
f 39/1/247 37/1/244 165/1/36
f 166/1/37 38/1/245 40/1/248
f 127/1/249 1/1/249 3/1/249
f 3/1/249 5/1/249 7/1/249
f 7/1/249 9/1/259 11/1/249
f 11/1/249 13/1/249 15/1/249
f 15/1/249 17/1/249 19/1/249
f 19/1/249 21/1/249 23/1/249
f 23/1/249 25/1/249 27/1/249
f 27/1/249 29/1/249 31/1/249
f 31/1/249 33/1/249 35/1/249
f 35/1/249 37/1/249 39/1/249
f 39/1/249 41/1/249 43/1/249
f 43/1/249 45/1/249 47/1/249
f 47/1/249 49/1/249 51/1/249
f 51/1/249 53/1/249 55/1/249
f 55/1/249 57/1/260 59/1/249
f 59/1/249 61/1/249 63/1/249
f 63/1/249 65/1/249 67/1/249
f 67/1/249 69/1/249 71/1/249
f 71/1/249 73/1/260 75/1/249
f 75/1/249 77/1/249 79/1/249
f 79/1/249 81/1/249 83/1/249
f 83/1/249 85/1/249 87/1/249
f 87/1/249 89/1/249 91/1/249
f 91/1/249 93/1/249 95/1/249
f 95/1/249 97/1/249 99/1/249
f 99/1/249 101/1/249 103/1/249
f 103/1/249 105/1/249 107/1/249
f 107/1/249 109/1/249 111/1/249
f 111/1/249 113/1/249 115/1/249
f 115/1/249 117/1/249 119/1/249
f 119/1/249 121/1/259 123/1/249
f 123/1/249 125/1/249 127/1/249
f 127/1/249 3/1/249 7/1/249
f 7/1/249 11/1/249 15/1/249
f 15/1/249 19/1/249 23/1/249
f 23/1/249 27/1/249 31/1/249
f 31/1/249 35/1/249 39/1/249
f 39/1/249 43/1/249 47/1/249
f 47/1/249 51/1/249 55/1/249
f 55/1/249 59/1/249 63/1/249
f 63/1/249 67/1/249 71/1/249
f 71/1/249 75/1/249 79/1/249
f 79/1/249 83/1/249 87/1/249
f 87/1/249 91/1/249 95/1/249
f 95/1/249 99/1/249 103/1/249
f 103/1/249 107/1/249 111/1/249
f 111/1/249 115/1/249 119/1/249
f 119/1/249 123/1/249 127/1/249
f 127/1/249 7/1/249 15/1/249
f 15/1/249 23/1/249 31/1/249
f 31/1/249 39/1/249 47/1/249
f 47/1/249 55/1/249 63/1/249
f 63/1/249 71/1/249 79/1/249
f 79/1/249 87/1/249 95/1/249
f 95/1/249 103/1/249 111/1/249
f 111/1/249 119/1/249 127/1/249
f 127/1/249 15/1/249 31/1/249
f 31/1/249 47/1/249 63/1/249
f 63/1/249 79/1/249 95/1/249
f 95/1/249 111/1/249 127/1/249
f 127/1/249 31/1/249 63/1/249
f 4/1/250 2/1/250 128/1/250
f 128/1/250 126/1/250 124/1/250
f 124/1/250 122/1/250 120/1/250
f 120/1/250 118/1/250 116/1/250
f 116/1/250 114/1/250 112/1/250
f 112/1/250 110/1/250 108/1/250
f 108/1/250 106/1/250 104/1/250
f 104/1/250 102/1/250 100/1/250
f 100/1/250 98/1/250 96/1/250
f 96/1/250 94/1/250 92/1/250
f 92/1/250 90/1/250 88/1/250
f 88/1/250 86/1/250 84/1/250
f 84/1/250 82/1/250 80/1/250
f 80/1/250 78/1/250 76/1/250
f 76/1/250 74/1/250 72/1/250
f 72/1/250 70/1/250 68/1/250
f 68/1/250 66/1/250 64/1/250
f 64/1/250 62/1/250 60/1/250
f 60/1/250 58/1/250 56/1/250
f 56/1/250 54/1/250 52/1/250
f 52/1/250 50/1/250 48/1/250
f 48/1/250 46/1/250 44/1/250
f 44/1/250 42/1/250 40/1/250
f 40/1/250 38/1/250 36/1/250
f 36/1/250 34/1/250 32/1/250
f 32/1/250 30/1/250 28/1/250
f 28/1/250 26/1/250 24/1/250
f 24/1/250 22/1/250 20/1/250
f 20/1/250 18/1/250 16/1/250
f 16/1/250 14/1/250 12/1/250
f 12/1/250 10/1/250 8/1/250
f 8/1/250 6/1/250 4/1/250
f 4/1/250 128/1/250 124/1/250
f 124/1/250 120/1/250 116/1/250
f 116/1/250 112/1/250 108/1/250
f 108/1/250 104/1/250 100/1/250
f 100/1/250 96/1/250 92/1/250
f 92/1/250 88/1/250 84/1/250
f 84/1/250 80/1/250 76/1/250
f 76/1/250 72/1/250 68/1/250
f 68/1/250 64/1/250 60/1/250
f 60/1/250 56/1/250 52/1/250
f 52/1/250 48/1/250 44/1/250
f 44/1/250 40/1/250 36/1/250
f 36/1/250 32/1/250 28/1/250
f 28/1/250 24/1/250 20/1/250
f 20/1/250 16/1/250 12/1/250
f 12/1/250 8/1/250 4/1/250
f 4/1/250 124/1/250 116/1/250
f 116/1/250 108/1/250 100/1/250
f 100/1/250 92/1/250 84/1/250
f 84/1/250 76/1/250 68/1/250
f 68/1/250 60/1/250 52/1/250
f 52/1/250 44/1/250 36/1/250
f 36/1/250 28/1/250 20/1/250
f 20/1/250 12/1/250 4/1/250
f 4/1/250 116/1/250 100/1/250
f 100/1/250 84/1/250 68/1/250
f 68/1/250 52/1/250 36/1/250
f 36/1/250 20/1/250 4/1/250
f 4/1/250 100/1/250 68/1/250
f 298/1/261 363/1/261 299/1/261
f 272/1/262 337/1/262 273/1/262
f 299/1/263 364/1/263 300/1/263
f 273/1/264 338/1/264 274/1/264
f 300/1/265 365/1/265 301/1/265
f 274/1/266 339/1/266 275/1/266
f 301/1/267 366/1/267 302/1/267
f 275/1/268 340/1/268 276/1/268
f 302/1/269 367/1/269 303/1/269
f 277/1/270 340/1/270 341/1/270
f 303/1/271 368/1/271 304/1/271
f 277/1/272 342/1/272 278/1/272
f 304/1/273 369/1/273 305/1/273
f 278/1/274 343/1/274 279/1/274
f 305/1/275 370/1/275 306/1/275
f 279/1/276 344/1/276 280/1/276
f 306/1/277 371/1/277 307/1/277
f 280/1/278 345/1/278 281/1/278
f 307/1/279 372/1/279 308/1/279
f 281/1/280 346/1/280 282/1/280
f 308/1/281 373/1/281 309/1/281
f 282/1/282 347/1/282 283/1/282
f 309/1/283 374/1/283 310/1/283
f 283/1/284 348/1/284 284/1/284
f 258/1/285 321/1/285 322/1/285
f 310/1/286 375/1/286 311/1/286
f 284/1/287 349/1/287 285/1/287
f 259/1/288 322/1/288 323/1/288
f 311/1/289 376/1/289 312/1/289
f 285/1/290 350/1/290 286/1/290
f 259/1/291 324/1/291 260/1/291
f 312/1/292 377/1/292 313/1/292
f 286/1/293 351/1/293 287/1/293
f 260/1/294 325/1/294 261/1/294
f 313/1/295 378/1/295 314/1/295
f 287/1/296 352/1/296 288/1/296
f 261/1/297 326/1/297 262/1/297
f 314/1/298 379/1/298 315/1/298
f 288/1/299 353/1/299 289/1/299
f 262/1/300 327/1/300 263/1/300
f 316/1/301 379/1/301 380/1/301
f 289/1/302 354/1/302 290/1/302
f 263/1/303 328/1/303 264/1/303
f 316/1/304 381/1/304 317/1/304
f 290/1/305 355/1/305 291/1/305
f 264/1/306 329/1/306 265/1/306
f 318/1/307 381/1/307 382/1/307
f 291/1/308 356/1/308 292/1/308
f 265/1/309 330/1/309 266/1/309
f 318/1/310 383/1/310 319/1/310
f 293/1/311 356/1/311 357/1/311
f 266/1/312 331/1/312 267/1/312
f 319/1/313 384/1/313 320/1/313
f 293/1/314 358/1/314 294/1/314
f 267/1/315 332/1/315 268/1/315
f 320/1/316 321/1/316 257/1/316
f 294/1/317 359/1/317 295/1/317
f 268/1/318 333/1/318 269/1/318
f 295/1/319 360/1/319 296/1/319
f 270/1/320 333/1/320 334/1/320
f 296/1/321 361/1/321 297/1/321
f 270/1/322 335/1/322 271/1/322
f 297/1/323 362/1/323 298/1/323
f 271/1/324 336/1/324 272/1/324
f 491/1/325 426/1/325 427/1/325
f 401/1/326 464/1/326 400/1/326
f 492/1/327 427/1/327 428/1/327
f 466/1/328 401/1/328 402/1/328
f 493/1/329 428/1/329 429/1/329
f 403/1/330 466/1/330 402/1/330
f 494/1/331 429/1/331 430/1/331
f 468/1/332 403/1/332 404/1/332
f 495/1/333 430/1/333 431/1/333
f 469/1/334 404/1/334 405/1/334
f 496/1/335 431/1/335 432/1/335
f 470/1/336 405/1/336 406/1/336
f 497/1/337 432/1/337 433/1/337
f 471/1/338 406/1/338 407/1/338
f 498/1/339 433/1/339 434/1/339
f 408/1/340 471/1/340 407/1/340
f 499/1/341 434/1/341 435/1/341
f 473/1/342 408/1/342 409/1/342
f 500/1/343 435/1/343 436/1/343
f 474/1/344 409/1/344 410/1/344
f 501/1/345 436/1/345 437/1/345
f 475/1/346 410/1/346 411/1/346
f 502/1/347 437/1/347 438/1/347
f 476/1/348 411/1/348 412/1/348
f 450/1/349 385/1/349 386/1/349
f 503/1/350 438/1/350 439/1/350
f 477/1/351 412/1/351 413/1/351
f 451/1/352 386/1/352 387/1/352
f 504/1/353 439/1/353 440/1/353
f 478/1/354 413/1/354 414/1/354
f 452/1/355 387/1/355 388/1/355
f 505/1/356 440/1/356 441/1/356
f 479/1/357 414/1/357 415/1/357
f 453/1/358 388/1/358 389/1/358
f 506/1/359 441/1/359 442/1/359
f 480/1/360 415/1/360 416/1/360
f 454/1/361 389/1/361 390/1/361
f 507/1/362 442/1/362 443/1/362
f 417/1/363 480/1/363 416/1/363
f 455/1/364 390/1/364 391/1/364
f 508/1/365 443/1/365 444/1/365
f 482/1/366 417/1/366 418/1/366
f 456/1/367 391/1/367 392/1/367
f 509/1/368 444/1/368 445/1/368
f 483/1/369 418/1/369 419/1/369
f 457/1/370 392/1/370 393/1/370
f 510/1/371 445/1/371 446/1/371
f 484/1/372 419/1/372 420/1/372
f 458/1/373 393/1/373 394/1/373
f 511/1/374 446/1/374 447/1/374
f 421/1/375 484/1/375 420/1/375
f 459/1/376 394/1/376 395/1/376
f 448/1/377 511/1/377 447/1/377
f 486/1/378 421/1/378 422/1/378
f 460/1/379 395/1/379 396/1/379
f 449/1/380 448/1/380 385/1/380
f 487/1/381 422/1/381 423/1/381
f 461/1/382 396/1/382 397/1/382
f 424/1/383 487/1/383 423/1/383
f 398/1/384 461/1/384 397/1/384
f 489/1/385 424/1/385 425/1/385
f 463/1/386 398/1/386 399/1/386
f 426/1/387 489/1/387 425/1/387
f 464/1/388 399/1/388 400/1/388
f 257/1/389 386/1/390 385/1/389
f 259/1/391 386/1/390 258/1/390
f 259/1/391 388/1/392 387/1/391
f 260/1/393 389/1/394 388/1/392
f 262/1/395 389/1/394 261/1/394
f 262/1/395 391/1/396 390/1/395
f 264/1/397 391/1/396 263/1/396
f 265/1/398 392/1/399 264/1/397
f 265/1/398 394/1/400 393/1/398
f 266/1/401 395/1/402 394/1/400
f 268/1/403 395/1/402 267/1/402
f 268/1/403 397/1/404 396/1/403
f 269/1/405 398/1/406 397/1/404
f 271/1/407 398/1/406 270/1/406
f 272/1/408 399/1/409 271/1/407
f 272/1/408 401/1/410 400/1/408
f 274/1/411 401/1/410 273/1/410
f 275/1/412 402/1/413 274/1/411
f 275/1/412 404/1/414 403/1/412
f 277/1/415 404/1/414 276/1/414
f 278/1/416 405/1/417 277/1/415
f 278/1/416 407/1/418 406/1/416
f 280/1/419 407/1/418 279/1/418
f 281/1/420 408/1/421 280/1/419
f 281/1/420 410/1/422 409/1/420
f 282/1/423 411/1/424 410/1/422
f 284/1/425 411/1/424 283/1/424
f 284/1/425 413/1/426 412/1/425
f 286/1/427 413/1/426 285/1/426
f 287/1/428 414/1/429 286/1/427
f 287/1/428 416/1/430 415/1/428
f 289/1/431 416/1/430 288/1/430
f 289/1/431 418/1/432 417/1/431
f 291/1/433 418/1/432 290/1/432
f 291/1/433 420/1/434 419/1/433
f 292/1/435 421/1/436 420/1/434
f 293/1/437 422/1/438 421/1/436
f 295/1/439 422/1/438 294/1/438
f 296/1/440 423/1/441 295/1/439
f 297/1/442 424/1/443 296/1/440
f 297/1/442 426/1/444 425/1/442
f 298/1/445 427/1/446 426/1/444
f 300/1/447 427/1/446 299/1/446
f 300/1/447 429/1/448 428/1/447
f 302/1/449 429/1/448 301/1/448
f 302/1/449 431/1/450 430/1/449
f 304/1/451 431/1/450 303/1/450
f 305/1/452 432/1/453 304/1/451
f 305/1/452 434/1/454 433/1/452
f 307/1/455 434/1/454 306/1/454
f 307/1/455 436/1/456 435/1/455
f 309/1/457 436/1/456 308/1/456
f 310/1/458 437/1/459 309/1/457
f 310/1/458 439/1/460 438/1/458
f 312/1/461 439/1/460 311/1/460
f 313/1/462 440/1/463 312/1/461
f 313/1/462 442/1/464 441/1/462
f 314/1/465 443/1/466 442/1/464
f 315/1/467 444/1/468 443/1/466
f 317/1/469 444/1/468 316/1/468
f 318/1/470 445/1/471 317/1/469
f 319/1/472 446/1/473 318/1/470
f 319/1/472 448/1/474 447/1/472
f 257/1/389 448/1/474 320/1/474
f 321/1/475 450/1/476 322/1/477
f 322/1/477 451/1/478 323/1/479
f 323/1/479 452/1/480 324/1/480
f 325/1/481 452/1/480 453/1/481
f 325/1/481 454/1/482 326/1/483
f 326/1/483 455/1/484 327/1/484
f 328/1/485 455/1/484 456/1/485
f 328/1/485 457/1/486 329/1/486
f 330/1/487 457/1/486 458/1/488
f 331/1/489 458/1/488 459/1/489
f 331/1/489 460/1/490 332/1/490
f 333/1/491 460/1/490 461/1/491
f 333/1/491 462/1/492 334/1/492
f 335/1/493 462/1/492 463/1/494
f 336/1/495 463/1/494 464/1/496
f 337/1/497 464/1/496 465/1/497
f 337/1/497 466/1/498 338/1/499
f 338/1/499 467/1/500 339/1/501
f 339/1/501 468/1/502 340/1/503
f 340/1/503 469/1/504 341/1/505
f 341/1/505 470/1/506 342/1/506
f 343/1/507 470/1/506 471/1/507
f 343/1/507 472/1/508 344/1/509
f 344/1/509 473/1/510 345/1/510
f 346/1/511 473/1/510 474/1/511
f 346/1/511 475/1/512 347/1/513
f 347/1/513 476/1/514 348/1/515
f 348/1/515 477/1/515 349/1/516
f 349/1/516 478/1/517 350/1/518
f 350/1/518 479/1/519 351/1/519
f 352/1/520 479/1/519 480/1/521
f 353/1/522 480/1/521 481/1/522
f 353/1/522 482/1/523 354/1/524
f 354/1/524 483/1/525 355/1/526
f 355/1/526 484/1/526 356/1/527
f 356/1/527 485/1/528 357/1/528
f 358/1/529 485/1/528 486/1/529
f 358/1/529 487/1/530 359/1/531
f 359/1/531 488/1/532 360/1/533
f 360/1/533 489/1/534 361/1/534
f 362/1/535 489/1/534 490/1/535
f 362/1/535 491/1/536 363/1/537
f 363/1/537 492/1/538 364/1/539
f 364/1/539 493/1/539 365/1/540
f 365/1/540 494/1/541 366/1/541
f 367/1/542 494/1/541 495/1/543
f 368/1/544 495/1/543 496/1/545
f 369/1/546 496/1/545 497/1/546
f 369/1/546 498/1/547 370/1/548
f 370/1/548 499/1/549 371/1/550
f 371/1/550 500/1/551 372/1/551
f 373/1/552 500/1/551 501/1/552
f 373/1/552 502/1/553 374/1/553
f 375/1/554 502/1/553 503/1/555
f 376/1/556 503/1/555 504/1/556
f 376/1/556 505/1/557 377/1/557
f 378/1/558 505/1/557 506/1/559
f 379/1/560 506/1/559 507/1/560
f 379/1/560 508/1/561 380/1/562
f 380/1/562 509/1/562 381/1/563
f 381/1/563 510/1/564 382/1/564
f 383/1/565 510/1/564 511/1/566
f 384/1/567 511/1/566 512/1/568
f 321/1/475 512/1/568 449/1/475
f 298/1/261 362/1/261 363/1/261
f 272/1/262 336/1/262 337/1/262
f 299/1/263 363/1/263 364/1/263
f 273/1/264 337/1/264 338/1/264
f 300/1/265 364/1/265 365/1/265
f 274/1/266 338/1/266 339/1/266
f 301/1/267 365/1/267 366/1/267
f 275/1/268 339/1/268 340/1/268
f 302/1/269 366/1/269 367/1/269
f 277/1/270 276/1/270 340/1/270
f 303/1/271 367/1/271 368/1/271
f 277/1/272 341/1/272 342/1/272
f 304/1/273 368/1/273 369/1/273
f 278/1/274 342/1/274 343/1/274
f 305/1/275 369/1/275 370/1/275
f 279/1/276 343/1/276 344/1/276
f 306/1/277 370/1/277 371/1/277
f 280/1/278 344/1/278 345/1/278
f 307/1/279 371/1/279 372/1/279
f 281/1/280 345/1/280 346/1/280
f 308/1/281 372/1/281 373/1/281
f 282/1/282 346/1/282 347/1/282
f 309/1/283 373/1/283 374/1/283
f 283/1/284 347/1/284 348/1/284
f 258/1/285 257/1/285 321/1/285
f 310/1/286 374/1/286 375/1/286
f 284/1/287 348/1/287 349/1/287
f 259/1/288 258/1/288 322/1/288
f 311/1/289 375/1/289 376/1/289
f 285/1/290 349/1/290 350/1/290
f 259/1/291 323/1/291 324/1/291
f 312/1/292 376/1/292 377/1/292
f 286/1/293 350/1/293 351/1/293
f 260/1/294 324/1/294 325/1/294
f 313/1/295 377/1/295 378/1/295
f 287/1/296 351/1/296 352/1/296
f 261/1/297 325/1/297 326/1/297
f 314/1/298 378/1/298 379/1/298
f 288/1/299 352/1/299 353/1/299
f 262/1/300 326/1/300 327/1/300
f 316/1/301 315/1/301 379/1/301
f 289/1/302 353/1/302 354/1/302
f 263/1/303 327/1/303 328/1/303
f 316/1/304 380/1/304 381/1/304
f 290/1/305 354/1/305 355/1/305
f 264/1/306 328/1/306 329/1/306
f 318/1/307 317/1/307 381/1/307
f 291/1/308 355/1/308 356/1/308
f 265/1/309 329/1/309 330/1/309
f 318/1/310 382/1/310 383/1/310
f 293/1/311 292/1/311 356/1/311
f 266/1/312 330/1/312 331/1/312
f 319/1/313 383/1/313 384/1/313
f 293/1/314 357/1/314 358/1/314
f 267/1/315 331/1/315 332/1/315
f 320/1/316 384/1/316 321/1/316
f 294/1/317 358/1/317 359/1/317
f 268/1/318 332/1/318 333/1/318
f 295/1/319 359/1/319 360/1/319
f 270/1/320 269/1/320 333/1/320
f 296/1/321 360/1/321 361/1/321
f 270/1/322 334/1/322 335/1/322
f 297/1/323 361/1/323 362/1/323
f 271/1/324 335/1/324 336/1/324
f 491/1/325 490/1/325 426/1/325
f 401/1/326 465/1/326 464/1/326
f 492/1/327 491/1/327 427/1/327
f 466/1/328 465/1/328 401/1/328
f 493/1/329 492/1/329 428/1/329
f 403/1/330 467/1/330 466/1/330
f 494/1/331 493/1/331 429/1/331
f 468/1/332 467/1/332 403/1/332
f 495/1/333 494/1/333 430/1/333
f 469/1/334 468/1/334 404/1/334
f 496/1/335 495/1/335 431/1/335
f 470/1/336 469/1/336 405/1/336
f 497/1/337 496/1/337 432/1/337
f 471/1/338 470/1/338 406/1/338
f 498/1/339 497/1/339 433/1/339
f 408/1/340 472/1/340 471/1/340
f 499/1/341 498/1/341 434/1/341
f 473/1/342 472/1/342 408/1/342
f 500/1/343 499/1/343 435/1/343
f 474/1/344 473/1/344 409/1/344
f 501/1/345 500/1/345 436/1/345
f 475/1/346 474/1/346 410/1/346
f 502/1/347 501/1/347 437/1/347
f 476/1/348 475/1/348 411/1/348
f 450/1/349 449/1/349 385/1/349
f 503/1/350 502/1/350 438/1/350
f 477/1/351 476/1/351 412/1/351
f 451/1/352 450/1/352 386/1/352
f 504/1/353 503/1/353 439/1/353
f 478/1/354 477/1/354 413/1/354
f 452/1/355 451/1/355 387/1/355
f 505/1/356 504/1/356 440/1/356
f 479/1/357 478/1/357 414/1/357
f 453/1/358 452/1/358 388/1/358
f 506/1/359 505/1/359 441/1/359
f 480/1/360 479/1/360 415/1/360
f 454/1/361 453/1/361 389/1/361
f 507/1/362 506/1/362 442/1/362
f 417/1/363 481/1/363 480/1/363
f 455/1/364 454/1/364 390/1/364
f 508/1/365 507/1/365 443/1/365
f 482/1/366 481/1/366 417/1/366
f 456/1/367 455/1/367 391/1/367
f 509/1/368 508/1/368 444/1/368
f 483/1/369 482/1/369 418/1/369
f 457/1/370 456/1/370 392/1/370
f 510/1/371 509/1/371 445/1/371
f 484/1/372 483/1/372 419/1/372
f 458/1/373 457/1/373 393/1/373
f 511/1/374 510/1/374 446/1/374
f 421/1/375 485/1/375 484/1/375
f 459/1/376 458/1/376 394/1/376
f 448/1/377 512/1/377 511/1/377
f 486/1/378 485/1/378 421/1/378
f 460/1/379 459/1/379 395/1/379
f 449/1/380 512/1/380 448/1/380
f 487/1/381 486/1/381 422/1/381
f 461/1/382 460/1/382 396/1/382
f 424/1/383 488/1/383 487/1/383
f 398/1/384 462/1/384 461/1/384
f 489/1/385 488/1/385 424/1/385
f 463/1/386 462/1/386 398/1/386
f 426/1/387 490/1/387 489/1/387
f 464/1/388 463/1/388 399/1/388
f 257/1/389 258/1/390 386/1/390
f 259/1/391 387/1/391 386/1/390
f 259/1/391 260/1/393 388/1/392
f 260/1/393 261/1/394 389/1/394
f 262/1/395 390/1/395 389/1/394
f 262/1/395 263/1/396 391/1/396
f 264/1/397 392/1/399 391/1/396
f 265/1/398 393/1/398 392/1/399
f 265/1/398 266/1/401 394/1/400
f 266/1/401 267/1/402 395/1/402
f 268/1/403 396/1/403 395/1/402
f 268/1/403 269/1/405 397/1/404
f 269/1/405 270/1/406 398/1/406
f 271/1/407 399/1/409 398/1/406
f 272/1/408 400/1/408 399/1/409
f 272/1/408 273/1/410 401/1/410
f 274/1/411 402/1/413 401/1/410
f 275/1/412 403/1/412 402/1/413
f 275/1/412 276/1/414 404/1/414
f 277/1/415 405/1/417 404/1/414
f 278/1/416 406/1/416 405/1/417
f 278/1/416 279/1/418 407/1/418
f 280/1/419 408/1/421 407/1/418
f 281/1/420 409/1/420 408/1/421
f 281/1/420 282/1/423 410/1/422
f 282/1/423 283/1/424 411/1/424
f 284/1/425 412/1/425 411/1/424
f 284/1/425 285/1/426 413/1/426
f 286/1/427 414/1/429 413/1/426
f 287/1/428 415/1/428 414/1/429
f 287/1/428 288/1/430 416/1/430
f 289/1/431 417/1/431 416/1/430
f 289/1/431 290/1/432 418/1/432
f 291/1/433 419/1/433 418/1/432
f 291/1/433 292/1/435 420/1/434
f 292/1/435 293/1/437 421/1/436
f 293/1/437 294/1/438 422/1/438
f 295/1/439 423/1/441 422/1/438
f 296/1/440 424/1/443 423/1/441
f 297/1/442 425/1/442 424/1/443
f 297/1/442 298/1/445 426/1/444
f 298/1/445 299/1/446 427/1/446
f 300/1/447 428/1/447 427/1/446
f 300/1/447 301/1/448 429/1/448
f 302/1/449 430/1/449 429/1/448
f 302/1/449 303/1/450 431/1/450
f 304/1/451 432/1/453 431/1/450
f 305/1/452 433/1/452 432/1/453
f 305/1/452 306/1/454 434/1/454
f 307/1/455 435/1/455 434/1/454
f 307/1/455 308/1/456 436/1/456
f 309/1/457 437/1/459 436/1/456
f 310/1/458 438/1/458 437/1/459
f 310/1/458 311/1/460 439/1/460
f 312/1/461 440/1/463 439/1/460
f 313/1/462 441/1/462 440/1/463
f 313/1/462 314/1/465 442/1/464
f 314/1/465 315/1/467 443/1/466
f 315/1/467 316/1/468 444/1/468
f 317/1/469 445/1/471 444/1/468
f 318/1/470 446/1/473 445/1/471
f 319/1/472 447/1/472 446/1/473
f 319/1/472 320/1/474 448/1/474
f 257/1/389 385/1/389 448/1/474
f 321/1/475 449/1/475 450/1/476
f 322/1/477 450/1/476 451/1/478
f 323/1/479 451/1/478 452/1/480
f 325/1/481 324/1/480 452/1/480
f 325/1/481 453/1/481 454/1/482
f 326/1/483 454/1/482 455/1/484
f 328/1/485 327/1/484 455/1/484
f 328/1/485 456/1/485 457/1/486
f 330/1/487 329/1/486 457/1/486
f 331/1/489 330/1/487 458/1/488
f 331/1/489 459/1/489 460/1/490
f 333/1/491 332/1/490 460/1/490
f 333/1/491 461/1/491 462/1/492
f 335/1/493 334/1/492 462/1/492
f 336/1/495 335/1/493 463/1/494
f 337/1/497 336/1/495 464/1/496
f 337/1/497 465/1/497 466/1/498
f 338/1/499 466/1/498 467/1/500
f 339/1/501 467/1/500 468/1/502
f 340/1/503 468/1/502 469/1/504
f 341/1/505 469/1/504 470/1/506
f 343/1/507 342/1/506 470/1/506
f 343/1/507 471/1/507 472/1/508
f 344/1/509 472/1/508 473/1/510
f 346/1/511 345/1/510 473/1/510
f 346/1/511 474/1/511 475/1/512
f 347/1/513 475/1/512 476/1/514
f 348/1/515 476/1/514 477/1/515
f 349/1/516 477/1/515 478/1/517
f 350/1/518 478/1/517 479/1/519
f 352/1/520 351/1/519 479/1/519
f 353/1/522 352/1/520 480/1/521
f 353/1/522 481/1/522 482/1/523
f 354/1/524 482/1/523 483/1/525
f 355/1/526 483/1/525 484/1/526
f 356/1/527 484/1/526 485/1/528
f 358/1/529 357/1/528 485/1/528
f 358/1/529 486/1/529 487/1/530
f 359/1/531 487/1/530 488/1/532
f 360/1/533 488/1/532 489/1/534
f 362/1/535 361/1/534 489/1/534
f 362/1/535 490/1/535 491/1/536
f 363/1/537 491/1/536 492/1/538
f 364/1/539 492/1/538 493/1/539
f 365/1/540 493/1/539 494/1/541
f 367/1/542 366/1/541 494/1/541
f 368/1/544 367/1/542 495/1/543
f 369/1/546 368/1/544 496/1/545
f 369/1/546 497/1/546 498/1/547
f 370/1/548 498/1/547 499/1/549
f 371/1/550 499/1/549 500/1/551
f 373/1/552 372/1/551 500/1/551
f 373/1/552 501/1/552 502/1/553
f 375/1/554 374/1/553 502/1/553
f 376/1/556 375/1/554 503/1/555
f 376/1/556 504/1/556 505/1/557
f 378/1/558 377/1/557 505/1/557
f 379/1/560 378/1/558 506/1/559
f 379/1/560 507/1/560 508/1/561
f 380/1/562 508/1/561 509/1/562
f 381/1/563 509/1/562 510/1/564
f 383/1/565 382/1/564 510/1/564
f 384/1/567 383/1/565 511/1/566
f 321/1/475 384/1/567 512/1/568
usemtl Material.001
f 554/1/569 555/1/570 619/1/570
f 528/1/571 529/1/572 593/1/572
f 555/1/570 556/1/573 620/1/573
f 530/1/574 594/1/574 593/1/572
f 556/1/573 557/1/575 621/1/575
f 530/1/574 531/1/576 595/1/576
f 557/1/575 558/1/577 622/1/577
f 531/1/576 532/1/578 596/1/578
f 559/1/579 623/1/579 622/1/577
f 533/1/580 597/1/580 596/1/578
f 559/1/579 560/1/581 624/1/581
f 533/1/580 534/1/582 598/1/582
f 560/1/581 561/1/583 625/1/583
f 534/1/582 535/1/584 599/1/584
f 562/1/585 626/1/585 625/1/583
f 535/1/584 536/1/586 600/1/586
f 562/1/585 563/1/587 627/1/587
f 536/1/586 537/1/588 601/1/588
f 563/1/587 564/1/589 628/1/589
f 538/1/590 602/1/590 601/1/588
f 565/1/591 629/1/591 628/1/589
f 538/1/590 539/1/592 603/1/592
f 565/1/591 566/1/593 630/1/593
f 539/1/592 540/1/594 604/1/594
f 514/1/595 578/1/595 577/1/596
f 566/1/593 567/1/597 631/1/597
f 540/1/594 541/1/598 605/1/598
f 514/1/595 515/1/599 579/1/599
f 567/1/597 568/1/600 632/1/600
f 541/1/598 542/1/601 606/1/601
f 515/1/599 516/1/602 580/1/602
f 568/1/600 569/1/603 633/1/603
f 543/1/604 607/1/604 606/1/601
f 517/1/605 581/1/605 580/1/602
f 570/1/606 634/1/606 633/1/603
f 543/1/604 544/1/607 608/1/607
f 517/1/605 518/1/608 582/1/608
f 570/1/606 571/1/609 635/1/609
f 544/1/607 545/1/610 609/1/610
f 518/1/608 519/1/611 583/1/611
f 571/1/609 572/1/612 636/1/612
f 546/1/613 610/1/613 609/1/610
f 519/1/611 520/1/614 584/1/614
f 572/1/612 573/1/615 637/1/615
f 546/1/613 547/1/616 611/1/616
f 520/1/614 521/1/617 585/1/617
f 573/1/615 574/1/618 638/1/618
f 547/1/616 548/1/619 612/1/619
f 522/1/620 586/1/620 585/1/617
f 575/1/621 639/1/621 638/1/618
f 549/1/622 613/1/622 612/1/619
f 522/1/620 523/1/623 587/1/623
f 575/1/621 576/1/624 640/1/624
f 549/1/622 550/1/625 614/1/625
f 523/1/623 524/1/626 588/1/626
f 576/1/624 513/1/596 577/1/596
f 550/1/625 551/1/627 615/1/627
f 524/1/626 525/1/628 589/1/628
f 551/1/627 552/1/629 616/1/629
f 525/1/628 526/1/630 590/1/630
f 552/1/629 553/1/631 617/1/631
f 527/1/632 591/1/632 590/1/630
f 554/1/569 618/1/569 617/1/631
f 527/1/632 528/1/571 592/1/571
f 607/1/249 671/1/249 670/1/249
f 581/1/249 645/1/249 644/1/249
f 633/1/249 634/1/249 698/1/249
f 607/1/249 608/1/249 672/1/249
f 581/1/249 582/1/249 646/1/249
f 635/1/249 699/1/249 698/1/249
f 608/1/249 609/1/249 673/1/249
f 582/1/249 583/1/249 647/1/249
f 635/1/249 636/1/249 700/1/249
f 610/1/249 674/1/249 673/1/249
f 583/1/249 584/1/249 648/1/249
f 637/1/249 701/1/249 700/1/249
f 610/1/249 611/1/249 675/1/249
f 585/1/249 649/1/249 648/1/249
f 637/1/249 638/1/249 702/1/249
f 611/1/249 612/1/249 676/1/249
f 585/1/249 586/1/249 650/1/249
f 639/1/249 703/1/249 702/1/249
f 613/1/249 677/1/249 676/1/249
f 587/1/249 651/1/249 650/1/249
f 639/1/249 640/1/249 704/1/249
f 613/1/249 614/1/249 678/1/249
f 587/1/249 588/1/249 652/1/249
f 640/1/249 577/1/249 641/1/249
f 614/1/249 615/1/249 679/1/249
f 589/1/249 653/1/249 652/1/249
f 615/1/249 616/1/249 680/1/249
f 589/1/249 590/1/249 654/1/249
f 617/1/249 681/1/249 680/1/249
f 591/1/249 655/1/249 654/1/249
f 617/1/249 618/1/249 682/1/249
f 591/1/249 592/1/249 656/1/249
f 619/1/249 683/1/249 682/1/249
f 592/1/249 593/1/249 657/1/249
f 619/1/249 620/1/249 684/1/249
f 594/1/249 658/1/249 657/1/249
f 621/1/249 685/1/249 684/1/249
f 595/1/249 659/1/249 658/1/249
f 621/1/249 622/1/249 686/1/249
f 595/1/249 596/1/249 660/1/249
f 623/1/249 687/1/249 686/1/249
f 597/1/249 661/1/249 660/1/249
f 623/1/249 624/1/249 688/1/249
f 597/1/249 598/1/249 662/1/249
f 624/1/249 625/1/249 689/1/249
f 598/1/249 599/1/249 663/1/249
f 626/1/249 690/1/249 689/1/249
f 599/1/249 600/1/249 664/1/249
f 626/1/249 627/1/249 691/1/249
f 601/1/249 665/1/249 664/1/249
f 627/1/249 628/1/249 692/1/249
f 601/1/249 602/1/249 666/1/249
f 629/1/249 693/1/249 692/1/249
f 603/1/249 667/1/249 666/1/249
f 629/1/249 630/1/249 694/1/249
f 603/1/249 604/1/249 668/1/249
f 578/1/249 642/1/249 641/1/249
f 630/1/249 631/1/249 695/1/249
f 605/1/249 669/1/249 668/1/249
f 579/1/249 643/1/249 642/1/249
f 631/1/249 632/1/249 696/1/249
f 605/1/249 606/1/249 670/1/249
f 579/1/249 580/1/249 644/1/249
f 633/1/249 697/1/249 696/1/249
f 673/1/633 674/1/634 738/1/634
f 647/1/635 648/1/636 712/1/636
f 700/1/637 701/1/638 765/1/638
f 674/1/634 675/1/639 739/1/639
f 648/1/636 649/1/640 713/1/640
f 701/1/638 702/1/641 766/1/641
f 675/1/639 676/1/642 740/1/642
f 649/1/640 650/1/643 714/1/643
f 702/1/641 703/1/644 767/1/644
f 677/1/645 741/1/645 740/1/642
f 650/1/643 651/1/646 715/1/646
f 703/1/644 704/1/647 768/1/647
f 677/1/645 678/1/648 742/1/648
f 651/1/646 652/1/649 716/1/649
f 704/1/647 641/1/650 705/1/650
f 678/1/648 679/1/651 743/1/651
f 652/1/649 653/1/652 717/1/652
f 679/1/651 680/1/653 744/1/653
f 653/1/652 654/1/654 718/1/654
f 680/1/653 681/1/655 745/1/655
f 654/1/654 655/1/656 719/1/656
f 682/1/657 746/1/657 745/1/655
f 655/1/656 656/1/658 720/1/658
f 682/1/657 683/1/659 747/1/659
f 657/1/660 721/1/660 720/1/658
f 683/1/659 684/1/661 748/1/661
f 657/1/660 658/1/662 722/1/662
f 684/1/661 685/1/663 749/1/663
f 658/1/662 659/1/664 723/1/664
f 685/1/663 686/1/665 750/1/665
f 659/1/664 660/1/666 724/1/666
f 687/1/667 751/1/667 750/1/665
f 661/1/668 725/1/668 724/1/666
f 687/1/667 688/1/669 752/1/669
f 661/1/668 662/1/670 726/1/670
f 688/1/669 689/1/671 753/1/671
f 662/1/670 663/1/672 727/1/672
f 689/1/671 690/1/673 754/1/673
f 663/1/672 664/1/674 728/1/674
f 691/1/675 755/1/675 754/1/673
f 664/1/674 665/1/676 729/1/676
f 691/1/675 692/1/677 756/1/677
f 666/1/678 730/1/678 729/1/676
f 693/1/679 757/1/679 756/1/677
f 666/1/678 667/1/680 731/1/680
f 693/1/679 694/1/681 758/1/681
f 667/1/680 668/1/682 732/1/682
f 641/1/650 642/1/683 706/1/683
f 694/1/681 695/1/684 759/1/684
f 668/1/682 669/1/685 733/1/685
f 642/1/683 643/1/686 707/1/686
f 695/1/684 696/1/687 760/1/687
f 669/1/685 670/1/688 734/1/688
f 643/1/686 644/1/689 708/1/689
f 696/1/687 697/1/690 761/1/690
f 671/1/691 735/1/691 734/1/688
f 645/1/692 709/1/692 708/1/689
f 697/1/690 698/1/693 762/1/693
f 671/1/691 672/1/694 736/1/694
f 645/1/692 646/1/695 710/1/695
f 698/1/693 699/1/696 763/1/696
f 673/1/633 737/1/633 736/1/694
f 646/1/695 647/1/635 711/1/635
f 699/1/696 700/1/637 764/1/637
f 749/1/697 813/1/697 812/1/698
f 722/1/699 723/1/700 787/1/700
f 749/1/697 750/1/701 814/1/701
f 724/1/702 788/1/702 787/1/700
f 750/1/701 751/1/703 815/1/703
f 725/1/704 789/1/704 788/1/702
f 751/1/703 752/1/705 816/1/705
f 725/1/704 726/1/706 790/1/706
f 752/1/705 753/1/707 817/1/707
f 726/1/706 727/1/708 791/1/708
f 753/1/707 754/1/709 818/1/709
f 728/1/710 792/1/710 791/1/708
f 755/1/711 819/1/711 818/1/709
f 728/1/710 729/1/712 793/1/712
f 755/1/711 756/1/713 820/1/713
f 730/1/714 794/1/714 793/1/712
f 757/1/715 821/1/715 820/1/713
f 730/1/714 731/1/716 795/1/716
f 757/1/715 758/1/717 822/1/717
f 732/1/718 796/1/718 795/1/716
f 705/1/719 706/1/720 770/1/720
f 758/1/717 759/1/721 823/1/721
f 733/1/722 797/1/722 796/1/718
f 706/1/720 707/1/723 771/1/723
f 759/1/721 760/1/724 824/1/725
f 733/1/722 734/1/726 798/1/726
f 708/1/727 772/1/727 771/1/723
f 760/1/728 825/1/729 761/1/730
f 734/1/726 735/1/731 799/1/731
f 709/1/732 773/1/732 772/1/727
f 762/1/733 826/1/733 825/1/734
f 735/1/731 736/1/735 800/1/735
f 709/1/732 710/1/736 774/1/736
f 762/1/733 763/1/737 827/1/737
f 736/1/735 737/1/738 801/1/738
f 710/1/736 711/1/739 775/1/739
f 763/1/737 764/1/740 828/1/740
f 737/1/738 738/1/741 802/1/741
f 712/1/742 776/1/742 775/1/739
f 765/1/743 829/1/743 828/1/740
f 738/1/741 739/1/744 803/1/744
f 712/1/742 713/1/745 777/1/745
f 765/1/743 766/1/746 830/1/746
f 739/1/744 740/1/747 804/1/747
f 714/1/748 778/1/748 777/1/745
f 767/1/749 831/1/749 830/1/746
f 741/1/750 805/1/750 804/1/747
f 714/1/748 715/1/751 779/1/751
f 767/1/749 768/1/752 832/1/752
f 741/1/750 742/1/753 806/1/753
f 715/1/751 716/1/754 780/1/754
f 768/1/752 705/1/719 769/1/719
f 742/1/753 743/1/755 807/1/755
f 717/1/756 781/1/756 780/1/754
f 743/1/755 744/1/757 808/1/757
f 717/1/756 718/1/758 782/1/758
f 744/1/757 745/1/759 809/1/759
f 719/1/760 783/1/760 782/1/758
f 746/1/761 810/1/761 809/1/759
f 719/1/760 720/1/762 784/1/762
f 746/1/761 747/1/763 811/1/763
f 720/1/762 721/1/764 785/1/764
f 748/1/698 812/1/698 811/1/763
f 721/1/764 722/1/699 786/1/699
f 815/1/249 816/1/249 880/1/249
f 789/1/249 790/1/249 854/1/249
f 816/1/249 817/1/249 881/1/249
f 790/1/249 791/1/249 855/1/249
f 817/1/249 818/1/249 882/1/249
f 791/1/249 792/1/249 856/1/249
f 818/1/249 819/1/249 883/1/249
f 792/1/249 793/1/249 857/1/249
f 819/1/249 820/1/249 884/1/249
f 794/1/249 858/1/249 857/1/249
f 821/1/249 885/1/249 884/1/249
f 795/1/249 859/1/249 858/1/249
f 821/1/249 822/1/249 886/1/249
f 796/1/249 860/1/249 859/1/249
f 769/1/249 770/1/249 834/1/249
f 822/1/249 823/1/249 887/1/249
f 796/1/249 797/1/249 861/1/249
f 771/1/249 835/1/249 834/1/249
f 823/1/249 824/1/249 888/1/249
f 797/1/249 798/1/249 862/1/249
f 771/1/249 772/1/249 836/1/249
f 824/1/249 825/1/249 889/1/249
f 799/1/249 863/1/249 862/1/249
f 773/1/249 837/1/249 836/1/249
f 826/1/249 890/1/249 889/1/249
f 799/1/249 800/1/249 864/1/249
f 773/1/249 774/1/249 838/1/249
f 827/1/249 891/1/249 890/1/249
f 800/1/249 801/1/249 865/1/249
f 774/1/249 775/1/249 839/1/249
f 828/1/249 892/1/249 891/1/249
f 801/1/249 802/1/249 866/1/249
f 775/1/249 776/1/249 840/1/249
f 829/1/249 893/1/249 892/1/249
f 802/1/249 803/1/249 867/1/249
f 776/1/249 777/1/249 841/1/249
f 829/1/249 830/1/249 894/1/249
f 803/1/249 804/1/249 868/1/249
f 778/1/249 842/1/249 841/1/249
f 831/1/249 895/1/249 894/1/249
f 805/1/249 869/1/249 868/1/249
f 779/1/249 843/1/249 842/1/249
f 831/1/249 832/1/249 896/1/249
f 805/1/249 806/1/249 870/1/249
f 780/1/249 844/1/249 843/1/249
f 832/1/249 769/1/249 833/1/249
f 806/1/249 807/1/249 871/1/249
f 780/1/249 781/1/249 845/1/249
f 807/1/249 808/1/249 872/1/249
f 781/1/249 782/1/249 846/1/249
f 808/1/249 809/1/249 873/1/249
f 783/1/249 847/1/249 846/1/249
f 810/1/249 874/1/249 873/1/249
f 783/1/249 784/1/249 848/1/249
f 811/1/249 875/1/249 874/1/249
f 784/1/249 785/1/249 849/1/249
f 812/1/249 876/1/249 875/1/249
f 785/1/249 786/1/249 850/1/249
f 813/1/249 877/1/249 876/1/249
f 787/1/249 851/1/249 850/1/249
f 813/1/249 814/1/249 878/1/249
f 787/1/249 788/1/249 852/1/249
f 815/1/249 879/1/249 878/1/249
f 789/1/249 853/1/249 852/1/249
f 882/1/765 883/1/766 947/1/766
f 856/1/767 921/1/768 857/1/768
f 883/1/766 884/1/769 948/1/769
f 857/1/768 922/1/770 858/1/770
f 884/1/769 885/1/771 949/1/771
f 858/1/770 923/1/772 859/1/772
f 885/1/771 886/1/773 950/1/773
f 859/1/772 924/1/774 860/1/774
f 833/1/775 834/1/776 898/1/776
f 886/1/773 887/1/777 951/1/777
f 860/1/774 925/1/778 861/1/778
f 834/1/776 835/1/779 899/1/779
f 887/1/777 888/1/767 952/1/767
f 861/1/778 926/1/780 862/1/780
f 835/1/779 836/1/781 900/1/781
f 888/1/767 889/1/768 953/1/768
f 862/1/780 927/1/782 863/1/782
f 836/1/781 837/1/783 901/1/783
f 889/1/768 890/1/770 954/1/770
f 863/1/782 928/1/784 864/1/784
f 837/1/783 838/1/785 902/1/785
f 890/1/770 891/1/772 955/1/772
f 864/1/784 929/1/775 865/1/775
f 838/1/785 839/1/786 903/1/786
f 891/1/772 892/1/774 956/1/774
f 865/1/775 930/1/776 866/1/776
f 839/1/786 840/1/787 904/1/787
f 892/1/774 893/1/778 957/1/778
f 866/1/776 931/1/779 867/1/779
f 840/1/787 841/1/788 905/1/788
f 893/1/778 894/1/780 958/1/780
f 867/1/779 932/1/781 868/1/781
f 841/1/788 842/1/789 906/1/789
f 894/1/780 895/1/782 959/1/782
f 868/1/781 933/1/783 869/1/783
f 842/1/789 843/1/790 907/1/790
f 895/1/782 896/1/784 960/1/784
f 869/1/783 934/1/785 870/1/785
f 843/1/790 844/1/791 908/1/791
f 896/1/784 833/1/775 897/1/775
f 870/1/785 935/1/786 871/1/786
f 844/1/791 845/1/792 909/1/792
f 871/1/793 872/1/794 936/1/794
f 845/1/792 846/1/795 910/1/795
f 872/1/794 873/1/796 937/1/796
f 846/1/795 847/1/797 911/1/797
f 873/1/796 874/1/798 938/1/798
f 847/1/797 848/1/799 912/1/799
f 874/1/798 875/1/800 939/1/800
f 848/1/799 849/1/801 913/1/801
f 875/1/800 876/1/802 940/1/802
f 849/1/801 850/1/803 914/1/803
f 876/1/802 877/1/804 941/1/804
f 850/1/803 851/1/805 915/1/805
f 877/1/804 878/1/806 942/1/806
f 851/1/805 852/1/807 916/1/807
f 878/1/806 879/1/808 943/1/808
f 852/1/769 917/1/771 853/1/771
f 879/1/808 880/1/809 944/1/809
f 853/1/771 918/1/773 854/1/773
f 880/1/809 881/1/810 945/1/810
f 854/1/773 919/1/777 855/1/777
f 881/1/810 882/1/765 946/1/765
f 855/1/777 920/1/767 856/1/767
f 931/1/249 899/1/249 915/1/249
f 554/1/569 619/1/570 618/1/569
f 528/1/571 593/1/572 592/1/571
f 555/1/570 620/1/573 619/1/570
f 530/1/574 593/1/572 529/1/572
f 556/1/573 621/1/575 620/1/573
f 530/1/574 595/1/576 594/1/574
f 557/1/575 622/1/577 621/1/575
f 531/1/576 596/1/578 595/1/576
f 559/1/579 622/1/577 558/1/577
f 533/1/580 596/1/578 532/1/578
f 559/1/579 624/1/581 623/1/579
f 533/1/580 598/1/582 597/1/580
f 560/1/581 625/1/583 624/1/581
f 534/1/582 599/1/584 598/1/582
f 562/1/585 625/1/583 561/1/583
f 535/1/584 600/1/586 599/1/584
f 562/1/585 627/1/587 626/1/585
f 536/1/586 601/1/588 600/1/586
f 563/1/587 628/1/589 627/1/587
f 538/1/590 601/1/588 537/1/588
f 565/1/591 628/1/589 564/1/589
f 538/1/590 603/1/592 602/1/590
f 565/1/591 630/1/593 629/1/591
f 539/1/592 604/1/594 603/1/592
f 514/1/595 577/1/596 513/1/596
f 566/1/593 631/1/597 630/1/593
f 540/1/594 605/1/598 604/1/594
f 514/1/595 579/1/599 578/1/595
f 567/1/597 632/1/600 631/1/597
f 541/1/598 606/1/601 605/1/598
f 515/1/599 580/1/602 579/1/599
f 568/1/600 633/1/603 632/1/600
f 543/1/604 606/1/601 542/1/601
f 517/1/605 580/1/602 516/1/602
f 570/1/606 633/1/603 569/1/603
f 543/1/604 608/1/607 607/1/604
f 517/1/605 582/1/608 581/1/605
f 570/1/606 635/1/609 634/1/606
f 544/1/607 609/1/610 608/1/607
f 518/1/608 583/1/611 582/1/608
f 571/1/609 636/1/612 635/1/609
f 546/1/613 609/1/610 545/1/610
f 519/1/611 584/1/614 583/1/611
f 572/1/612 637/1/615 636/1/612
f 546/1/613 611/1/616 610/1/613
f 520/1/614 585/1/617 584/1/614
f 573/1/615 638/1/618 637/1/615
f 547/1/616 612/1/619 611/1/616
f 522/1/620 585/1/617 521/1/617
f 575/1/621 638/1/618 574/1/618
f 549/1/622 612/1/619 548/1/619
f 522/1/620 587/1/623 586/1/620
f 575/1/621 640/1/624 639/1/621
f 549/1/622 614/1/625 613/1/622
f 523/1/623 588/1/626 587/1/623
f 576/1/624 577/1/596 640/1/624
f 550/1/625 615/1/627 614/1/625
f 524/1/626 589/1/628 588/1/626
f 551/1/627 616/1/629 615/1/627
f 525/1/628 590/1/630 589/1/628
f 552/1/629 617/1/631 616/1/629
f 527/1/632 590/1/630 526/1/630
f 554/1/569 617/1/631 553/1/631
f 527/1/632 592/1/571 591/1/632
f 607/1/249 670/1/249 606/1/249
f 581/1/249 644/1/249 580/1/249
f 633/1/249 698/1/249 697/1/249
f 607/1/249 672/1/249 671/1/249
f 581/1/249 646/1/249 645/1/249
f 635/1/249 698/1/249 634/1/249
f 608/1/249 673/1/249 672/1/249
f 582/1/249 647/1/249 646/1/249
f 635/1/249 700/1/249 699/1/249
f 610/1/249 673/1/249 609/1/249
f 583/1/249 648/1/249 647/1/249
f 637/1/249 700/1/249 636/1/249
f 610/1/249 675/1/249 674/1/249
f 585/1/249 648/1/249 584/1/249
f 637/1/249 702/1/249 701/1/249
f 611/1/249 676/1/249 675/1/249
f 585/1/249 650/1/249 649/1/249
f 639/1/249 702/1/249 638/1/249
f 613/1/249 676/1/249 612/1/249
f 587/1/249 650/1/249 586/1/249
f 639/1/249 704/1/249 703/1/249
f 613/1/249 678/1/249 677/1/249
f 587/1/249 652/1/249 651/1/249
f 640/1/249 641/1/249 704/1/249
f 614/1/249 679/1/249 678/1/249
f 589/1/249 652/1/249 588/1/249
f 615/1/249 680/1/249 679/1/249
f 589/1/249 654/1/249 653/1/249
f 617/1/249 680/1/249 616/1/249
f 591/1/249 654/1/249 590/1/249
f 617/1/249 682/1/249 681/1/249
f 591/1/249 656/1/249 655/1/249
f 619/1/249 682/1/249 618/1/249
f 592/1/249 657/1/249 656/1/249
f 619/1/249 684/1/249 683/1/249
f 594/1/249 657/1/249 593/1/249
f 621/1/249 684/1/249 620/1/249
f 595/1/249 658/1/249 594/1/249
f 621/1/249 686/1/249 685/1/249
f 595/1/249 660/1/249 659/1/249
f 623/1/249 686/1/249 622/1/249
f 597/1/249 660/1/249 596/1/249
f 623/1/249 688/1/249 687/1/249
f 597/1/249 662/1/249 661/1/249
f 624/1/249 689/1/249 688/1/249
f 598/1/249 663/1/249 662/1/249
f 626/1/249 689/1/249 625/1/249
f 599/1/249 664/1/249 663/1/249
f 626/1/249 691/1/249 690/1/249
f 601/1/249 664/1/249 600/1/249
f 627/1/249 692/1/249 691/1/249
f 601/1/249 666/1/249 665/1/249
f 629/1/249 692/1/249 628/1/249
f 603/1/249 666/1/249 602/1/249
f 629/1/249 694/1/249 693/1/249
f 603/1/249 668/1/249 667/1/249
f 578/1/249 641/1/249 577/1/249
f 630/1/249 695/1/249 694/1/249
f 605/1/249 668/1/249 604/1/249
f 579/1/249 642/1/249 578/1/249
f 631/1/249 696/1/249 695/1/249
f 605/1/249 670/1/249 669/1/249
f 579/1/249 644/1/249 643/1/249
f 633/1/249 696/1/249 632/1/249
f 673/1/633 738/1/634 737/1/633
f 647/1/635 712/1/636 711/1/635
f 700/1/637 765/1/638 764/1/637
f 674/1/634 739/1/639 738/1/634
f 648/1/636 713/1/640 712/1/636
f 701/1/638 766/1/641 765/1/638
f 675/1/639 740/1/642 739/1/639
f 649/1/640 714/1/643 713/1/640
f 702/1/641 767/1/644 766/1/641
f 677/1/645 740/1/642 676/1/642
f 650/1/643 715/1/646 714/1/643
f 703/1/644 768/1/647 767/1/644
f 677/1/645 742/1/648 741/1/645
f 651/1/646 716/1/649 715/1/646
f 704/1/647 705/1/650 768/1/647
f 678/1/648 743/1/651 742/1/648
f 652/1/649 717/1/652 716/1/649
f 679/1/651 744/1/653 743/1/651
f 653/1/652 718/1/654 717/1/652
f 680/1/653 745/1/655 744/1/653
f 654/1/654 719/1/656 718/1/654
f 682/1/657 745/1/655 681/1/655
f 655/1/656 720/1/658 719/1/656
f 682/1/657 747/1/659 746/1/657
f 657/1/660 720/1/658 656/1/658
f 683/1/659 748/1/661 747/1/659
f 657/1/660 722/1/662 721/1/660
f 684/1/661 749/1/663 748/1/661
f 658/1/662 723/1/664 722/1/662
f 685/1/663 750/1/665 749/1/663
f 659/1/664 724/1/666 723/1/664
f 687/1/667 750/1/665 686/1/665
f 661/1/668 724/1/666 660/1/666
f 687/1/667 752/1/669 751/1/667
f 661/1/668 726/1/670 725/1/668
f 688/1/669 753/1/671 752/1/669
f 662/1/670 727/1/672 726/1/670
f 689/1/671 754/1/673 753/1/671
f 663/1/672 728/1/674 727/1/672
f 691/1/675 754/1/673 690/1/673
f 664/1/674 729/1/676 728/1/674
f 691/1/675 756/1/677 755/1/675
f 666/1/678 729/1/676 665/1/676
f 693/1/679 756/1/677 692/1/677
f 666/1/678 731/1/680 730/1/678
f 693/1/679 758/1/681 757/1/679
f 667/1/680 732/1/682 731/1/680
f 641/1/650 706/1/683 705/1/650
f 694/1/681 759/1/684 758/1/681
f 668/1/682 733/1/685 732/1/682
f 642/1/683 707/1/686 706/1/683
f 695/1/684 760/1/687 759/1/684
f 669/1/685 734/1/688 733/1/685
f 643/1/686 708/1/689 707/1/686
f 696/1/687 761/1/690 760/1/687
f 671/1/691 734/1/688 670/1/688
f 645/1/692 708/1/689 644/1/689
f 697/1/690 762/1/693 761/1/690
f 671/1/691 736/1/694 735/1/691
f 645/1/692 710/1/695 709/1/692
f 698/1/693 763/1/696 762/1/693
f 673/1/633 736/1/694 672/1/694
f 646/1/695 711/1/635 710/1/695
f 699/1/696 764/1/637 763/1/696
f 749/1/697 812/1/698 748/1/698
f 722/1/699 787/1/700 786/1/699
f 749/1/697 814/1/701 813/1/697
f 724/1/702 787/1/700 723/1/700
f 750/1/701 815/1/703 814/1/701
f 725/1/704 788/1/702 724/1/702
f 751/1/703 816/1/705 815/1/703
f 725/1/704 790/1/706 789/1/704
f 752/1/705 817/1/707 816/1/705
f 726/1/706 791/1/708 790/1/706
f 753/1/707 818/1/709 817/1/707
f 728/1/710 791/1/708 727/1/708
f 755/1/711 818/1/709 754/1/709
f 728/1/710 793/1/712 792/1/710
f 755/1/711 820/1/713 819/1/711
f 730/1/714 793/1/712 729/1/712
f 757/1/715 820/1/713 756/1/713
f 730/1/714 795/1/716 794/1/714
f 757/1/715 822/1/717 821/1/715
f 732/1/718 795/1/716 731/1/716
f 705/1/719 770/1/720 769/1/719
f 758/1/717 823/1/721 822/1/717
f 733/1/722 796/1/718 732/1/718
f 706/1/720 771/1/723 770/1/720
f 759/1/721 824/1/725 823/1/721
f 733/1/722 798/1/726 797/1/722
f 708/1/727 771/1/723 707/1/723
f 760/1/724 825/1/811 824/1/725
f 734/1/726 799/1/731 798/1/726
f 709/1/732 772/1/727 708/1/727
f 762/1/733 825/1/734 761/1/734
f 735/1/731 800/1/735 799/1/731
f 709/1/732 774/1/736 773/1/732
f 762/1/733 827/1/737 826/1/733
f 736/1/735 801/1/738 800/1/735
f 710/1/736 775/1/739 774/1/736
f 763/1/737 828/1/740 827/1/737
f 737/1/738 802/1/741 801/1/738
f 712/1/742 775/1/739 711/1/739
f 765/1/743 828/1/740 764/1/740
f 738/1/741 803/1/744 802/1/741
f 712/1/742 777/1/745 776/1/742
f 765/1/743 830/1/746 829/1/743
f 739/1/744 804/1/747 803/1/744
f 714/1/748 777/1/745 713/1/745
f 767/1/749 830/1/746 766/1/746
f 741/1/750 804/1/747 740/1/747
f 714/1/748 779/1/751 778/1/748
f 767/1/749 832/1/752 831/1/749
f 741/1/750 806/1/753 805/1/750
f 715/1/751 780/1/754 779/1/751
f 768/1/752 769/1/719 832/1/752
f 742/1/753 807/1/755 806/1/753
f 717/1/756 780/1/754 716/1/754
f 743/1/755 808/1/757 807/1/755
f 717/1/756 782/1/758 781/1/756
f 744/1/757 809/1/759 808/1/757
f 719/1/760 782/1/758 718/1/758
f 746/1/761 809/1/759 745/1/759
f 719/1/760 784/1/762 783/1/760
f 746/1/761 811/1/763 810/1/761
f 720/1/762 785/1/764 784/1/762
f 748/1/698 811/1/763 747/1/763
f 721/1/764 786/1/699 785/1/764
f 815/1/249 880/1/249 879/1/249
f 789/1/249 854/1/249 853/1/249
f 816/1/249 881/1/249 880/1/249
f 790/1/249 855/1/249 854/1/249
f 817/1/249 882/1/249 881/1/249
f 791/1/249 856/1/249 855/1/249
f 818/1/249 883/1/249 882/1/249
f 792/1/249 857/1/249 856/1/249
f 819/1/249 884/1/249 883/1/249
f 794/1/249 857/1/249 793/1/249
f 821/1/249 884/1/249 820/1/249
f 795/1/249 858/1/249 794/1/249
f 821/1/249 886/1/249 885/1/249
f 796/1/249 859/1/249 795/1/249
f 769/1/249 834/1/249 833/1/249
f 822/1/249 887/1/249 886/1/249
f 796/1/249 861/1/249 860/1/249
f 771/1/249 834/1/249 770/1/249
f 823/1/249 888/1/249 887/1/249
f 797/1/249 862/1/249 861/1/249
f 771/1/249 836/1/249 835/1/249
f 824/1/249 889/1/249 888/1/249
f 799/1/249 862/1/249 798/1/249
f 773/1/249 836/1/249 772/1/249
f 826/1/249 889/1/249 825/1/249
f 799/1/249 864/1/249 863/1/249
f 773/1/249 838/1/249 837/1/249
f 827/1/249 890/1/249 826/1/249
f 800/1/249 865/1/249 864/1/249
f 774/1/249 839/1/249 838/1/249
f 828/1/249 891/1/249 827/1/249
f 801/1/249 866/1/249 865/1/249
f 775/1/249 840/1/249 839/1/249
f 829/1/249 892/1/249 828/1/249
f 802/1/249 867/1/249 866/1/249
f 776/1/249 841/1/249 840/1/249
f 829/1/249 894/1/249 893/1/249
f 803/1/249 868/1/249 867/1/249
f 778/1/249 841/1/249 777/1/249
f 831/1/249 894/1/249 830/1/249
f 805/1/249 868/1/249 804/1/249
f 779/1/249 842/1/249 778/1/249
f 831/1/249 896/1/249 895/1/249
f 805/1/249 870/1/249 869/1/249
f 780/1/249 843/1/249 779/1/249
f 832/1/249 833/1/249 896/1/249
f 806/1/249 871/1/249 870/1/249
f 780/1/249 845/1/249 844/1/249
f 807/1/249 872/1/249 871/1/249
f 781/1/249 846/1/249 845/1/249
f 808/1/249 873/1/249 872/1/249
f 783/1/249 846/1/249 782/1/249
f 810/1/249 873/1/249 809/1/249
f 783/1/249 848/1/249 847/1/249
f 811/1/249 874/1/249 810/1/249
f 784/1/249 849/1/249 848/1/249
f 812/1/249 875/1/249 811/1/249
f 785/1/249 850/1/249 849/1/249
f 813/1/249 876/1/249 812/1/249
f 787/1/249 850/1/249 786/1/249
f 813/1/249 878/1/249 877/1/249
f 787/1/249 852/1/249 851/1/249
f 815/1/249 878/1/249 814/1/249
f 789/1/249 852/1/249 788/1/249
f 882/1/765 947/1/766 946/1/765
f 856/1/767 920/1/767 921/1/768
f 883/1/766 948/1/769 947/1/766
f 857/1/768 921/1/768 922/1/770
f 884/1/769 949/1/771 948/1/769
f 858/1/770 922/1/770 923/1/772
f 885/1/771 950/1/773 949/1/771
f 859/1/772 923/1/772 924/1/774
f 833/1/775 898/1/776 897/1/775
f 886/1/773 951/1/777 950/1/773
f 860/1/774 924/1/774 925/1/778
f 834/1/776 899/1/779 898/1/776
f 887/1/777 952/1/767 951/1/777
f 861/1/778 925/1/778 926/1/780
f 835/1/779 900/1/781 899/1/779
f 888/1/767 953/1/768 952/1/767
f 862/1/780 926/1/780 927/1/782
f 836/1/781 901/1/783 900/1/781
f 889/1/768 954/1/770 953/1/768
f 863/1/782 927/1/782 928/1/784
f 837/1/783 902/1/785 901/1/783
f 890/1/770 955/1/772 954/1/770
f 864/1/784 928/1/784 929/1/775
f 838/1/785 903/1/786 902/1/785
f 891/1/772 956/1/774 955/1/772
f 865/1/775 929/1/775 930/1/776
f 839/1/786 904/1/787 903/1/786
f 892/1/774 957/1/778 956/1/774
f 866/1/776 930/1/776 931/1/779
f 840/1/787 905/1/788 904/1/787
f 893/1/778 958/1/780 957/1/778
f 867/1/779 931/1/779 932/1/781
f 841/1/788 906/1/789 905/1/788
f 894/1/780 959/1/782 958/1/780
f 868/1/781 932/1/781 933/1/783
f 842/1/789 907/1/790 906/1/789
f 895/1/782 960/1/784 959/1/782
f 869/1/783 933/1/783 934/1/785
f 843/1/790 908/1/791 907/1/790
f 896/1/784 897/1/775 960/1/784
f 870/1/785 934/1/785 935/1/786
f 844/1/791 909/1/792 908/1/791
f 871/1/793 936/1/794 935/1/793
f 845/1/792 910/1/795 909/1/792
f 872/1/794 937/1/796 936/1/794
f 846/1/795 911/1/797 910/1/795
f 873/1/796 938/1/798 937/1/796
f 847/1/797 912/1/799 911/1/797
f 874/1/798 939/1/800 938/1/798
f 848/1/799 913/1/801 912/1/799
f 875/1/800 940/1/802 939/1/800
f 849/1/801 914/1/803 913/1/801
f 876/1/802 941/1/804 940/1/802
f 850/1/803 915/1/805 914/1/803
f 877/1/804 942/1/806 941/1/804
f 851/1/805 916/1/807 915/1/805
f 878/1/806 943/1/808 942/1/806
f 852/1/807 917/1/812 916/1/807
f 879/1/808 944/1/809 943/1/808
f 853/1/771 917/1/771 918/1/773
f 880/1/809 945/1/810 944/1/809
f 854/1/773 918/1/773 919/1/777
f 881/1/810 946/1/765 945/1/810
f 855/1/777 919/1/777 920/1/767
f 899/1/249 897/1/249 898/1/249
f 897/1/249 959/1/249 960/1/249
f 959/1/249 957/1/249 958/1/249
f 957/1/249 955/1/249 956/1/249
f 955/1/249 953/1/249 954/1/249
f 953/1/249 951/1/249 952/1/249
f 951/1/249 949/1/249 950/1/249
f 949/1/249 947/1/249 948/1/249
f 947/1/249 945/1/249 946/1/249
f 945/1/249 943/1/249 944/1/249
f 943/1/249 941/1/249 942/1/249
f 941/1/249 939/1/249 940/1/249
f 939/1/249 937/1/249 938/1/249
f 937/1/249 935/1/249 936/1/249
f 935/1/249 933/1/249 934/1/249
f 933/1/250 932/1/250 931/1/250
f 931/1/250 930/1/250 929/1/250
f 929/1/250 928/1/250 927/1/250
f 927/1/250 926/1/250 925/1/250
f 925/1/250 924/1/250 923/1/250
f 923/1/250 922/1/250 921/1/250
f 921/1/250 920/1/250 919/1/250
f 919/1/250 918/1/250 917/1/250
f 917/1/249 915/1/249 916/1/249
f 915/1/249 913/1/249 914/1/249
f 913/1/249 911/1/249 912/1/249
f 911/1/249 909/1/249 910/1/249
f 909/1/249 907/1/249 908/1/249
f 907/1/249 905/1/249 906/1/249
f 905/1/249 903/1/249 904/1/249
f 903/1/249 901/1/249 902/1/249
f 901/1/249 899/1/249 900/1/249
f 899/1/249 959/1/249 897/1/249
f 959/1/249 955/1/249 957/1/249
f 955/1/249 951/1/249 953/1/249
f 951/1/249 947/1/249 949/1/249
f 947/1/249 943/1/249 945/1/249
f 943/1/249 939/1/249 941/1/249
f 939/1/249 935/1/249 937/1/249
f 935/1/249 931/1/249 933/1/249
f 931/1/249 927/1/249 929/1/249
f 927/1/249 923/1/249 925/1/249
f 923/1/249 919/1/249 921/1/249
f 919/1/249 915/1/249 917/1/249
f 915/1/249 911/1/249 913/1/249
f 911/1/249 907/1/249 909/1/249
f 907/1/249 903/1/249 905/1/249
f 903/1/249 899/1/249 901/1/249
f 899/1/249 955/1/249 959/1/249
f 955/1/249 947/1/249 951/1/249
f 947/1/249 939/1/249 943/1/249
f 939/1/249 931/1/249 935/1/249
f 931/1/249 923/1/249 927/1/249
f 923/1/249 915/1/249 919/1/249
f 915/1/249 907/1/249 911/1/249
f 907/1/249 899/1/249 903/1/249
f 899/1/249 947/1/249 955/1/249
f 947/1/249 931/1/249 939/1/249
f 931/1/249 915/1/249 923/1/249
f 915/1/249 899/1/249 907/1/249
f 899/1/249 931/1/249 947/1/249
